{
  "type": "FeatureCollection",
  "note": "Clip boundary for hexgrid_clip.py: cells whose center is inside any feature (or within its bufferMeters of it) survive the clip. Hand-editable; land features were seeded from lands.json.",
  "features": [
    {
      "type": "Feature",
      "properties": {
        "name": "Avengers Campus",
        "park": "california-adventure",
        "bufferMeters": 60,
        "source": "lands.json (import_osm_lands.py); regenerate or hand-edit freely"
      },
      "geometry": {
        "type": "Polygon",
        "coordinates": [
          [
            [
              -117.9167135,
              33.8071334
            ],
            [
              -117.9167135,
              33.8071264
            ],
            [
              -117.9167136,
              33.8071152
            ],
            [
              -117.9167132,
              33.8071065
            ],
            [
              -117.9167132,
              33.8070684
            ],
            [
              -117.9167129,
              33.807025
            ],
            [
              -117.9167142,
              33.8069984
            ],
            [
              -117.9167126,
              33.8069757
            ],
            [
              -117.9167125,
              33.8069505
            ],
            [
              -117.9166942,
              33.8069502
            ],
            [
              -117.9166913,
              33.806837
            ],
            [
              -117.9167145,
              33.8068206
            ],
            [
              -117.9167058,
              33.8068137
            ],
            [
              -117.9167165,
              33.806807
            ],
            [
              -117.916723,
              33.8068021
            ],
            [
              -117.9167462,
              33.8067864
            ],
            [
              -117.9166604,
              33.8067009
            ],
            [
              -117.9166933,
              33.8066782
            ],
            [
              -117.9165953,
              33.8065805
            ],
            [
              -117.916633,
              33.8065544
            ],
            [
              -117.916643,
              33.8065643
            ],
            [
              -117.9166792,
              33.8065392
            ],
            [
              -117.9166689,
              33.806529
            ],
            [
              -117.9166308,
              33.8064927
            ],
            [
              -117.9168203,
              33.8063554
            ],
            [
              -117.9168851,
              33.8064172
            ],
            [
              -117.9168997,
              33.8064063
            ],
            [
              -117.9169276,
              33.8063849
            ],
            [
              -117.91697,
              33.8064234
            ],
            [
              -117.917019,
              33.806388
            ],
            [
              -117.9170961,
              33.8064613
            ],
            [
              -117.9170844,
              33.8064699
            ],
            [
              -117.9171002,
              33.8064849
            ],
            [
              -117.9170975,
              33.8064868
            ],
            [
              -117.917121,
              33.8065091
            ],
            [
              -117.9170914,
              33.8065307
            ],
            [
              -117.9171187,
              33.8065568
            ],
            [
              -117.9171458,
              33.806582
            ],
            [
              -117.9171635,
              33.8065689
            ],
            [
              -117.9171952,
              33.8065985
            ],
            [
              -117.9171719,
              33.8066157
            ],
            [
              -117.9172141,
              33.8066551
            ],
            [
              -117.9172672,
              33.8066191
            ],
            [
              -117.9172788,
              33.8066108
            ],
            [
              -117.9173932,
              33.806537
            ],
            [
              -117.9174699,
              33.8064815
            ],
            [
              -117.9174584,
              33.8064699
            ],
            [
              -117.917449,
              33.8064764
            ],
            [
              -117.9174047,
              33.8064352
            ],
            [
              -117.9174217,
              33.8064209
            ],
            [
              -117.9174191,
              33.8063758
            ],
            [
              -117.9174246,
              33.8063718
            ],
            [
              -117.917417,
              33.8063647
            ],
            [
              -117.9174406,
              33.8063482
            ],
            [
              -117.9174477,
              33.8063546
            ],
            [
              -117.9174904,
              33.806323
            ],
            [
              -117.9174333,
              33.8062687
            ],
            [
              -117.9174671,
              33.8062445
            ],
            [
              -117.9174765,
              33.8062373
            ],
            [
              -117.9175755,
              33.8063318
            ],
            [
              -117.9178143,
              33.8061648
            ],
            [
              -117.9176882,
              33.8060378
            ],
            [
              -117.9176789,
              33.8059778
            ],
            [
              -117.9176079,
              33.8059068
            ],
            [
              -117.9176498,
              33.8058788
            ],
            [
              -117.9177554,
              33.8059726
            ],
            [
              -117.917857,
              33.8059753
            ],
            [
              -117.9179074,
              33.8059802
            ],
            [
              -117.9179453,
              33.805989
            ],
            [
              -117.9179666,
              33.8060118
            ],
            [
              -117.9180535,
              33.8062013
            ],
            [
              -117.9180996,
              33.806201
            ],
            [
              -117.9181629,
              33.8062034
            ],
            [
              -117.9182169,
              33.8062072
            ],
            [
              -117.918242,
              33.8062147
            ],
            [
              -117.9182524,
              33.8062199
            ],
            [
              -117.9182846,
              33.806236
            ],
            [
              -117.9182918,
              33.8062392
            ],
            [
              -117.9183893,
              33.806283
            ],
            [
              -117.9184066,
              33.8062818
            ],
            [
              -117.9184046,
              33.8062988
            ],
            [
              -117.9184385,
              33.8063028
            ],
            [
              -117.9184481,
              33.80631
            ],
            [
              -117.9184504,
              33.8063257
            ],
            [
              -117.918448,
              33.806338
            ],
            [
              -117.9184743,
              33.8063415
            ],
            [
              -117.9184799,
              33.8063103
            ],
            [
              -117.9185639,
              33.8063216
            ],
            [
              -117.918556,
              33.8063844
            ],
            [
              -117.9186151,
              33.80645
            ],
            [
              -117.9186207,
              33.8064464
            ],
            [
              -117.9186415,
              33.8064684
            ],
            [
              -117.9186585,
              33.8064572
            ],
            [
              -117.9186682,
              33.8064679
            ],
            [
              -117.9187194,
              33.806435
            ],
            [
              -117.9187705,
              33.8064894
            ],
            [
              -117.9188127,
              33.8065391
            ],
            [
              -117.9188377,
              33.8065661
            ],
            [
              -117.9188475,
              33.806575
            ],
            [
              -117.9188576,
              33.8065836
            ],
            [
              -117.9189039,
              33.8066237
            ],
            [
              -117.9189392,
              33.8066533
            ],
            [
              -117.9189722,
              33.8066679
            ],
            [
              -117.9189854,
              33.8066796
            ],
            [
              -117.9190354,
              33.8066809
            ],
            [
              -117.9190842,
              33.8066813
            ],
            [
              -117.9191327,
              33.8066795
            ],
            [
              -117.9191474,
              33.8066794
            ],
            [
              -117.9191633,
              33.8066781
            ],
            [
              -117.9192265,
              33.8067042
            ],
            [
              -117.9192745,
              33.8066571
            ],
            [
              -117.9192816,
              33.806652
            ],
            [
              -117.9193842,
              33.8066327
            ],
            [
              -117.9193865,
              33.8066405
            ],
            [
              -117.9193889,
              33.8066484
            ],
            [
              -117.9193903,
              33.8066563
            ],
            [
              -117.919392,
              33.8066648
            ],
            [
              -117.9193941,
              33.8066825
            ],
            [
              -117.9193919,
              33.8066937
            ],
            [
              -117.9193885,
              33.8066991
            ],
            [
              -117.9193912,
              33.806715
            ],
            [
              -117.9193862,
              33.8067295
            ],
            [
              -117.9193741,
              33.8067476
            ],
            [
              -117.9193684,
              33.8067657
            ],
            [
              -117.91936,
              33.8068112
            ],
            [
              -117.9193579,
              33.8068602
            ],
            [
              -117.9193567,
              33.8068874
            ],
            [
              -117.9193542,
              33.806904
            ],
            [
              -117.9193408,
              33.806922
            ],
            [
              -117.9193582,
              33.8069379
            ],
            [
              -117.9193738,
              33.80696
            ],
            [
              -117.9193757,
              33.8069684
            ],
            [
              -117.919367,
              33.8069725
            ],
            [
              -117.9193669,
              33.8069835
            ],
            [
              -117.9193747,
              33.806986
            ],
            [
              -117.9193758,
              33.8070093
            ],
            [
              -117.9193652,
              33.8070276
            ],
            [
              -117.9193357,
              33.8069885
            ],
            [
              -117.9193262,
              33.8069751
            ],
            [
              -117.9193086,
              33.8069666
            ],
            [
              -117.9192879,
              33.8069639
            ],
            [
              -117.9192801,
              33.8069582
            ],
            [
              -117.9192501,
              33.8069497
            ],
            [
              -117.9192241,
              33.8069508
            ],
            [
              -117.919181,
              33.8069816
            ],
            [
              -117.9190867,
              33.8069562
            ],
            [
              -117.9190498,
              33.8069263
            ],
            [
              -117.919064,
              33.8069146
            ],
            [
              -117.9190492,
              33.8069018
            ],
            [
              -117.9190207,
              33.8068771
            ],
            [
              -117.9190162,
              33.8068816
            ],
            [
              -117.9190104,
              33.8068873
            ],
            [
              -117.9190128,
              33.8068893
            ],
            [
              -117.9190022,
              33.8068975
            ],
            [
              -117.9190722,
              33.80696
            ],
            [
              -117.9189924,
              33.8070234
            ],
            [
              -117.9189556,
              33.8070529
            ],
            [
              -117.9189482,
              33.8070973
            ],
            [
              -117.9187695,
              33.8072196
            ],
            [
              -117.9186942,
              33.807156
            ],
            [
              -117.9186565,
              33.8071871
            ],
            [
              -117.9186158,
              33.8071533
            ],
            [
              -117.9186078,
              33.8071603
            ],
            [
              -117.918439,
              33.8070177
            ],
            [
              -117.918382,
              33.8069695
            ],
            [
              -117.9183664,
              33.8069794
            ],
            [
              -117.9183253,
              33.8069445
            ],
            [
              -117.9183088,
              33.8069573
            ],
            [
              -117.9182662,
              33.8069178
            ],
            [
              -117.9182457,
              33.8068967
            ],
            [
              -117.9181868,
              33.806843
            ],
            [
              -117.9182748,
              33.8067756
            ],
            [
              -117.918255,
              33.8067581
            ],
            [
              -117.9181004,
              33.8068745
            ],
            [
              -117.9180852,
              33.8068605
            ],
            [
              -117.9180634,
              33.8068406
            ],
            [
              -117.9180366,
              33.8068162
            ],
            [
              -117.9180317,
              33.8068205
            ],
            [
              -117.9180279,
              33.8068239
            ],
            [
              -117.9179923,
              33.8068399
            ],
            [
              -117.917983,
              33.8068507
            ],
            [
              -117.917983,
              33.8068989
            ],
            [
              -117.9179692,
              33.8068988
            ],
            [
              -117.9179691,
              33.8069411
            ],
            [
              -117.9179955,
              33.8069414
            ],
            [
              -117.9180287,
              33.8069415
            ],
            [
              -117.9180304,
              33.8070148
            ],
            [
              -117.9177763,
              33.8070177
            ],
            [
              -117.917776,
              33.8069745
            ],
            [
              -117.9176829,
              33.8069746
            ],
            [
              -117.9176828,
              33.8069845
            ],
            [
              -117.9176668,
              33.8069849
            ],
            [
              -117.9176683,
              33.8069766
            ],
            [
              -117.9175952,
              33.8069765
            ],
            [
              -117.9175924,
              33.8069024
            ],
            [
              -117.9175202,
              33.8069035
            ],
            [
              -117.9175206,
              33.8069074
            ],
            [
              -117.9175183,
              33.8069071
            ],
            [
              -117.9175128,
              33.8069121
            ],
            [
              -117.9174772,
              33.8069378
            ],
            [
              -117.9174497,
              33.8069569
            ],
            [
              -117.9174272,
              33.8069719
            ],
            [
              -117.9174179,
              33.8069779
            ],
            [
              -117.917421,
              33.8070128
            ],
            [
              -117.9174232,
              33.8071005
            ],
            [
              -117.9173357,
              33.8071022
            ],
            [
              -117.917336,
              33.8071204
            ],
            [
              -117.9173358,
              33.8071279
            ],
            [
              -117.9173357,
              33.8071363
            ],
            [
              -117.9172159,
              33.8071363
            ],
            [
              -117.9171958,
              33.8071365
            ],
            [
              -117.9171895,
              33.8071366
            ],
            [
              -117.9171851,
              33.8071364
            ],
            [
              -117.9171576,
              33.8071364
            ],
            [
              -117.9171145,
              33.8071364
            ],
            [
              -117.9171032,
              33.8071364
            ],
            [
              -117.9170916,
              33.8071364
            ],
            [
              -117.9170777,
              33.8071364
            ],
            [
              -117.917053,
              33.8071364
            ],
            [
              -117.917025,
              33.8071367
            ],
            [
              -117.9169908,
              33.8071366
            ],
            [
              -117.9169908,
              33.8071331
            ],
            [
              -117.9167393,
              33.8071332
            ],
            [
              -117.9167135,
              33.8071334
            ]
          ]
        ]
      }
    },
    {
      "type": "Feature",
      "properties": {
        "name": "Buena Vista Street",
        "park": "california-adventure",
        "bufferMeters": 60,
        "source": "lands.json (import_osm_lands.py); regenerate or hand-edit freely"
      },
      "geometry": {
        "type": "Polygon",
        "coordinates": [
          [
            [
              -117.9190127,
              33.8078545
            ],
            [
              -117.9190271,
              33.8078228
            ],
            [
              -117.9190315,
              33.807813
            ],
            [
              -117.9190702,
              33.8077746
            ],
            [
              -117.9190127,
              33.8078545
            ]
          ]
        ]
      }
    },
    {
      "type": "Feature",
      "properties": {
        "name": "Cars Land",
        "park": "california-adventure",
        "bufferMeters": 60,
        "source": "lands.json (import_osm_lands.py); regenerate or hand-edit freely"
      },
      "geometry": {
        "type": "Polygon",
        "coordinates": [
          [
            [
              -117.9192816,
              33.806652
            ],
            [
              -117.9193842,
              33.8066327
            ],
            [
              -117.9193918,
              33.8066348
            ],
            [
              -117.9194097,
              33.8065896
            ],
            [
              -117.9194294,
              33.8065579
            ],
            [
              -117.9194422,
              33.8065332
            ],
            [
              -117.9194523,
              33.8065135
            ],
            [
              -117.9194748,
              33.8064791
            ],
            [
              -117.9194835,
              33.8064717
            ],
            [
              -117.919492,
              33.8064598
            ],
            [
              -117.9194994,
              33.8064479
            ],
            [
              -117.9195123,
              33.8064105
            ],
            [
              -117.9195259,
              33.8063895
            ],
            [
              -117.919544,
              33.8063736
            ],
            [
              -117.919555,
              33.8063712
            ],
            [
              -117.9195747,
              33.8063689
            ],
            [
              -117.9195878,
              33.8063659
            ],
            [
              -117.9196157,
              33.8063533
            ],
            [
              -117.9196318,
              33.8063444
            ],
            [
              -117.9196425,
              33.8063368
            ],
            [
              -117.9196549,
              33.8063294
            ],
            [
              -117.9196746,
              33.8063072
            ],
            [
              -117.9196562,
              33.8062867
            ],
            [
              -117.9196405,
              33.8062658
            ],
            [
              -117.9196272,
              33.8062187
            ],
            [
              -117.9196158,
              33.8061732
            ],
            [
              -117.9195982,
              33.8061376
            ],
            [
              -117.9195458,
              33.8060762
            ],
            [
              -117.919485,
              33.8060109
            ],
            [
              -117.9194766,
              33.8060013
            ],
            [
              -117.9194699,
              33.8059936
            ],
            [
              -117.9194387,
              33.8059608
            ],
            [
              -117.9194235,
              33.8059706
            ],
            [
              -117.9193967,
              33.8059441
            ],
            [
              -117.9193862,
              33.8059345
            ],
            [
              -117.9193223,
              33.8058782
            ],
            [
              -117.9193259,
              33.8058575
            ],
            [
              -117.9193182,
              33.8058342
            ],
            [
              -117.9193733,
              33.8057936
            ],
            [
              -117.9193886,
              33.8057793
            ],
            [
              -117.9193895,
              33.8057676
            ],
            [
              -117.9193789,
              33.8057466
            ],
            [
              -117.9193504,
              33.8057253
            ],
            [
              -117.9193759,
              33.805708
            ],
            [
              -117.919364,
              33.8056954
            ],
            [
              -117.9193432,
              33.8056736
            ],
            [
              -117.9193184,
              33.8056937
            ],
            [
              -117.9193051,
              33.8056804
            ],
            [
              -117.9193983,
              33.8056177
            ],
            [
              -117.9193722,
              33.8055924
            ],
            [
              -117.919478,
              33.8055203
            ],
            [
              -117.9194789,
              33.8055009
            ],
            [
              -117.9194692,
              33.8055008
            ],
            [
              -117.9194721,
              33.8054624
            ],
            [
              -117.9194878,
              33.8054628
            ],
            [
              -117.9195076,
              33.8054637
            ],
            [
              -117.9195226,
              33.8054644
            ],
            [
              -117.9195415,
              33.8054823
            ],
            [
              -117.9195213,
              33.8054981
            ],
            [
              -117.9195573,
              33.8055284
            ],
            [
              -117.9197086,
              33.8054139
            ],
            [
              -117.9197142,
              33.8054188
            ],
            [
              -117.9197202,
              33.8054236
            ],
            [
              -117.9197438,
              33.8054064
            ],
            [
              -117.9197655,
              33.8054288
            ],
            [
              -117.9197948,
              33.8054591
            ],
            [
              -117.9197801,
              33.8054702
            ],
            [
              -117.919837,
              33.8055361
            ],
            [
              -117.9198519,
              33.805554
            ],
            [
              -117.9199041,
              33.8055197
            ],
            [
              -117.9199105,
              33.8055155
            ],
            [
              -117.9199719,
              33.8054784
            ],
            [
              -117.9199511,
              33.8054567
            ],
            [
              -117.9199292,
              33.8054339
            ],
            [
              -117.9199473,
              33.8054224
            ],
            [
              -117.9199428,
              33.8054175
            ],
            [
              -117.9199373,
              33.8054112
            ],
            [
              -117.9199094,
              33.8053819
            ],
            [
              -117.9198833,
              33.8053509
            ],
            [
              -117.9198642,
              33.805333
            ],
            [
              -117.9198227,
              33.805294
            ],
            [
              -117.9197859,
              33.8052567
            ],
            [
              -117.9198225,
              33.805247
            ],
            [
              -117.9198957,
              33.8052306
            ],
            [
              -117.9198925,
              33.805141
            ],
            [
              -117.9198973,
              33.8050102
            ],
            [
              -117.9198884,
              33.804421
            ],
            [
              -117.9197817,
              33.8044231
            ],
            [
              -117.9197817,
              33.8044535
            ],
            [
              -117.9197579,
              33.8044516
            ],
            [
              -117.9197563,
              33.8042343
            ],
            [
              -117.9195026,
              33.8042355
            ],
            [
              -117.9195025,
              33.8042244
            ],
            [
              -117.9195999,
              33.8042238
            ],
            [
              -117.9195994,
              33.8041666
            ],
            [
              -117.9196474,
              33.8041663
            ],
            [
              -117.9196452,
              33.8039398
            ],
            [
              -117.9187924,
              33.8039455
            ],
            [
              -117.918793,
              33.8040035
            ],
            [
              -117.918663,
              33.8040044
            ],
            [
              -117.9184801,
              33.8042048
            ],
            [
              -117.9184052,
              33.8042251
            ],
            [
              -117.9183722,
              33.8042725
            ],
            [
              -117.9182087,
              33.8044371
            ],
            [
              -117.9180927,
              33.8045493
            ],
            [
              -117.9179731,
              33.8046799
            ],
            [
              -117.9178159,
              33.8048316
            ],
            [
              -117.9177407,
              33.8049062
            ],
            [
              -117.9177125,
              33.8050222
            ],
            [
              -117.917642,
              33.8052754
            ],
            [
              -117.9177523,
              33.8052944
            ],
            [
              -117.9177883,
              33.8052943
            ],
            [
              -117.9178347,
              33.805278
            ],
            [
              -117.9178481,
              33.8052607
            ],
            [
              -117.9178701,
              33.8052543
            ],
            [
              -117.9178954,
              33.8052553
            ],
            [
              -117.917951,
              33.8052593
            ],
            [
              -117.91797,
              33.8052457
            ],
            [
              -117.9180341,
              33.8052748
            ],
            [
              -117.9181879,
              33.8052898
            ],
            [
              -117.9182769,
              33.8052666
            ],
            [
              -117.9183455,
              33.805335
            ],
            [
              -117.9182855,
              33.8053733
            ],
            [
              -117.9183038,
              33.8053929
            ],
            [
              -117.9183113,
              33.805401
            ],
            [
              -117.9183183,
              33.8054077
            ],
            [
              -117.9182605,
              33.805446
            ],
            [
              -117.9182517,
              33.8054378
            ],
            [
              -117.918247,
              33.8054333
            ],
            [
              -117.9182338,
              33.8054209
            ],
            [
              -117.9182091,
              33.8054038
            ],
            [
              -117.9181849,
              33.8053925
            ],
            [
              -117.9181588,
              33.805388
            ],
            [
              -117.918132,
              33.8053875
            ],
            [
              -117.9181052,
              33.8053931
            ],
            [
              -117.9180819,
              33.8054104
            ],
            [
              -117.9180073,
              33.8054658
            ],
            [
              -117.9179795,
              33.8054885
            ],
            [
              -117.9179494,
              33.8055154
            ],
            [
              -117.917915,
              33.8055478
            ],
            [
              -117.9178608,
              33.8056179
            ],
            [
              -117.9178,
              33.8057217
            ],
            [
              -117.9177658,
              33.8057969
            ],
            [
              -117.9177619,
              33.8058064
            ],
            [
              -117.9177522,
              33.8058329
            ],
            [
              -117.9177453,
              33.8058505
            ],
            [
              -117.9178496,
              33.8058777
            ],
            [
              -117.9179272,
              33.805898
            ],
            [
              -117.9179643,
              33.8059082
            ],
            [
              -117.917957,
              33.8059232
            ],
            [
              -117.9179337,
              33.8059155
            ],
            [
              -117.9179074,
              33.8059802
            ],
            [
              -117.9179453,
              33.805989
            ],
            [
              -117.9179666,
              33.8060118
            ],
            [
              -117.9180535,
              33.8062013
            ],
            [
              -117.9180996,
              33.806201
            ],
            [
              -117.9181629,
              33.8062034
            ],
            [
              -117.9182169,
              33.8062072
            ],
            [
              -117.918242,
              33.8062147
            ],
            [
              -117.9182506,
              33.8061229
            ],
            [
              -117.9182503,
              33.8061047
            ],
            [
              -117.9182497,
              33.8060674
            ],
            [
              -117.9182981,
              33.8060123
            ],
            [
              -117.9184462,
              33.8060112
            ],
            [
              -117.9184699,
              33.8059867
            ],
            [
              -117.9184779,
              33.80603
            ],
            [
              -117.9184617,
              33.8060425
            ],
            [
              -117.9185492,
              33.8061268
            ],
            [
              -117.9185633,
              33.8061167
            ],
            [
              -117.9185809,
              33.8061285
            ],
            [
              -117.9186363,
              33.8061482
            ],
            [
              -117.9186406,
              33.8061343
            ],
            [
              -117.9186721,
              33.8061422
            ],
            [
              -117.9186778,
              33.8061436
            ],
            [
              -117.918698,
              33.8061459
            ],
            [
              -117.9187583,
              33.8061402
            ],
            [
              -117.9187816,
              33.8061634
            ],
            [
              -117.9188235,
              33.8061349
            ],
            [
              -117.9189566,
              33.8060452
            ],
            [
              -117.9189316,
              33.8060165
            ],
            [
              -117.9189511,
              33.8060011
            ],
            [
              -117.918959,
              33.8060084
            ],
            [
              -117.9189687,
              33.8060196
            ],
            [
              -117.9189825,
              33.8060334
            ],
            [
              -117.9190063,
              33.8060165
            ],
            [
              -117.9190314,
              33.8060454
            ],
            [
              -117.9190525,
              33.8060329
            ],
            [
              -117.9191476,
              33.8061319
            ],
            [
              -117.9191329,
              33.8061415
            ],
            [
              -117.9188455,
              33.8063368
            ],
            [
              -117.9188568,
              33.806349
            ],
            [
              -117.9188703,
              33.8063636
            ],
            [
              -117.9188459,
              33.8063807
            ],
            [
              -117.9188393,
              33.8063969
            ],
            [
              -117.9188398,
              33.8064096
            ],
            [
              -117.9188373,
              33.806434
            ],
            [
              -117.9188309,
              33.806453
            ],
            [
              -117.9188053,
              33.8064684
            ],
            [
              -117.9187946,
              33.8064749
            ],
            [
              -117.918783,
              33.8064828
            ],
            [
              -117.9187705,
              33.8064894
            ],
            [
              -117.9188127,
              33.8065391
            ],
            [
              -117.9188377,
              33.8065661
            ],
            [
              -117.9188475,
              33.806575
            ],
            [
              -117.9188576,
              33.8065836
            ],
            [
              -117.9189039,
              33.8066237
            ],
            [
              -117.9189392,
              33.8066533
            ],
            [
              -117.9189722,
              33.8066679
            ],
            [
              -117.9189854,
              33.8066796
            ],
            [
              -117.9190354,
              33.8066809
            ],
            [
              -117.9190842,
              33.8066813
            ],
            [
              -117.9191327,
              33.8066795
            ],
            [
              -117.9191474,
              33.8066794
            ],
            [
              -117.9191633,
              33.8066781
            ],
            [
              -117.9192265,
              33.8067042
            ],
            [
              -117.9192745,
              33.8066571
            ],
            [
              -117.9192816,
              33.806652
            ]
          ]
        ]
      }
    },
    {
      "type": "Feature",
      "properties": {
        "name": "Grizzly Peak",
        "park": "california-adventure",
        "bufferMeters": 60,
        "source": "lands.json (import_osm_lands.py); regenerate or hand-edit freely"
      },
      "geometry": {
        "type": "Polygon",
        "coordinates": [
          [
            [
              -117.919987,
              33.8071042
            ],
            [
              -117.9199823,
              33.8071237
            ],
            [
              -117.919983,
              33.8071399
            ],
            [
              -117.919989,
              33.8071555
            ],
            [
              -117.9199864,
              33.8071783
            ],
            [
              -117.9199951,
              33.80719
            ],
            [
              -117.9200096,
              33.8072
            ],
            [
              -117.9199774,
              33.8072468
            ],
            [
              -117.9199265,
              33.8072892
            ],
            [
              -117.9198985,
              33.8072948
            ],
            [
              -117.919875,
              33.807282
            ],
            [
              -117.919865,
              33.8072775
            ],
            [
              -117.9198509,
              33.8072797
            ],
            [
              -117.9198388,
              33.807292
            ],
            [
              -117.9198274,
              33.8073026
            ],
            [
              -117.9198093,
              33.8073254
            ],
            [
              -117.9197986,
              33.8073243
            ],
            [
              -117.9197892,
              33.8073299
            ],
            [
              -117.9197818,
              33.8073221
            ],
            [
              -117.9197899,
              33.8073003
            ],
            [
              -117.9197859,
              33.807282
            ],
            [
              -117.9197719,
              33.8072766
            ],
            [
              -117.9197585,
              33.8072754
            ],
            [
              -117.919745,
              33.8072792
            ],
            [
              -117.9197336,
              33.8072914
            ],
            [
              -117.9197255,
              33.8072953
            ],
            [
              -117.9197161,
              33.807292
            ],
            [
              -117.9197047,
              33.8072881
            ],
            [
              -117.9197047,
              33.8072842
            ],
            [
              -117.9197046,
              33.8072769
            ],
            [
              -117.9197334,
              33.8072579
            ],
            [
              -117.9197494,
              33.8072022
            ],
            [
              -117.9197382,
              33.8071912
            ],
            [
              -117.9197456,
              33.8071867
            ],
            [
              -117.919757,
              33.8071867
            ],
            [
              -117.9197657,
              33.8071859
            ],
            [
              -117.9197745,
              33.807185
            ],
            [
              -117.9197888,
              33.807191
            ],
            [
              -117.9198026,
              33.8071984
            ],
            [
              -117.9198207,
              33.8071906
            ],
            [
              -117.9198341,
              33.8071956
            ],
            [
              -117.9198442,
              33.8072062
            ],
            [
              -117.9198543,
              33.8072067
            ],
            [
              -117.9198543,
              33.8071917
            ],
            [
              -117.9198556,
              33.8071761
            ],
            [
              -117.9198529,
              33.8071566
            ],
            [
              -117.9198455,
              33.8071454
            ],
            [
              -117.9198422,
              33.8071237
            ],
            [
              -117.9198382,
              33.8071042
            ],
            [
              -117.9198355,
              33.8070858
            ],
            [
              -117.9198315,
              33.8070697
            ],
            [
              -117.9198319,
              33.8070669
            ],
            [
              -117.9198341,
              33.807053
            ],
            [
              -117.9198335,
              33.8070379
            ],
            [
              -117.9198421,
              33.8070266
            ],
            [
              -117.9198462,
              33.8070212
            ],
            [
              -117.9198221,
              33.8070117
            ],
            [
              -117.9197986,
              33.8070084
            ],
            [
              -117.9197968,
              33.8069933
            ],
            [
              -117.9198298,
              33.8069936
            ],
            [
              -117.919858,
              33.8070081
            ],
            [
              -117.9198754,
              33.8070014
            ],
            [
              -117.9198862,
              33.8069637
            ],
            [
              -117.9199023,
              33.8069648
            ],
            [
              -117.9199079,
              33.8069783
            ],
            [
              -117.9199139,
              33.8069906
            ],
            [
              -117.919926,
              33.8070017
            ],
            [
              -117.9199394,
              33.8070095
            ],
            [
              -117.9199461,
              33.8070184
            ],
            [
              -117.9199627,
              33.8070156
            ],
            [
              -117.9199864,
              33.8070117
            ],
            [
              -117.9200006,
              33.8070113
            ],
            [
              -117.9200071,
              33.8070109
            ],
            [
              -117.9200266,
              33.8070101
            ],
            [
              -117.9200568,
              33.8070179
            ],
            [
              -117.9200809,
              33.8070491
            ],
            [
              -117.9201,
              33.8070605
            ],
            [
              -117.9201084,
              33.8070647
            ],
            [
              -117.9201058,
              33.8070711
            ],
            [
              -117.9201005,
              33.8070813
            ],
            [
              -117.9201064,
              33.8070998
            ],
            [
              -117.9200869,
              33.8071248
            ],
            [
              -117.9200742,
              33.8071488
            ],
            [
              -117.9200702,
              33.8071761
            ],
            [
              -117.9200507,
              33.8071867
            ],
            [
              -117.920036,
              33.8071761
            ],
            [
              -117.9200326,
              33.8071571
            ],
            [
              -117.9200257,
              33.807093
            ],
            [
              -117.9200016,
              33.8070774
            ],
            [
              -117.9199911,
              33.8070747
            ],
            [
              -117.919987,
              33.8071042
            ]
          ]
        ]
      }
    },
    {
      "type": "Feature",
      "properties": {
        "name": "Hollywood Land",
        "park": "california-adventure",
        "bufferMeters": 60,
        "source": "lands.json (import_osm_lands.py); regenerate or hand-edit freely"
      },
      "geometry": {
        "type": "Polygon",
        "coordinates": [
          [
            [
              -117.9173357,
              33.8071363
            ],
            [
              -117.9172159,
              33.8071363
            ],
            [
              -117.9171958,
              33.8071365
            ],
            [
              -117.9171895,
              33.8071366
            ],
            [
              -117.9171851,
              33.8071364
            ],
            [
              -117.9171576,
              33.8071364
            ],
            [
              -117.9171145,
              33.8071364
            ],
            [
              -117.9171032,
              33.8071364
            ],
            [
              -117.9170916,
              33.8071364
            ],
            [
              -117.9170777,
              33.8071364
            ],
            [
              -117.917053,
              33.8071364
            ],
            [
              -117.917025,
              33.8071367
            ],
            [
              -117.9169908,
              33.8071366
            ],
            [
              -117.9169908,
              33.8071331
            ],
            [
              -117.9167393,
              33.8071332
            ],
            [
              -117.9167135,
              33.8071334
            ],
            [
              -117.9166639,
              33.8071343
            ],
            [
              -117.9164582,
              33.8071361
            ],
            [
              -117.9164188,
              33.8071364
            ],
            [
              -117.9164216,
              33.8074052
            ],
            [
              -117.9164425,
              33.807405
            ],
            [
              -117.9164657,
              33.8074045
            ],
            [
              -117.9164655,
              33.8074166
            ],
            [
              -117.9164648,
              33.8074239
            ],
            [
              -117.9163998,
              33.8074217
            ],
            [
              -117.9163466,
              33.8074221
            ],
            [
              -117.9163484,
              33.8076094
            ],
            [
              -117.9162899,
              33.8076098
            ],
            [
              -117.9162927,
              33.8078997
            ],
            [
              -117.9165226,
              33.8078982
            ],
            [
              -117.9165519,
              33.8078981
            ],
            [
              -117.9165757,
              33.807898
            ],
            [
              -117.9166394,
              33.807898
            ],
            [
              -117.9166394,
              33.8079158
            ],
            [
              -117.9166394,
              33.8079259
            ],
            [
              -117.9166876,
              33.807926
            ],
            [
              -117.9166878,
              33.8079308
            ],
            [
              -117.916688,
              33.8079367
            ],
            [
              -117.9166897,
              33.8079768
            ],
            [
              -117.9165391,
              33.8080054
            ],
            [
              -117.9164887,
              33.8080145
            ],
            [
              -117.9163804,
              33.8080342
            ],
            [
              -117.916315,
              33.8080461
            ],
            [
              -117.91638,
              33.8082886
            ],
            [
              -117.9163969,
              33.8083515
            ],
            [
              -117.9164007,
              33.8083657
            ],
            [
              -117.9164057,
              33.808386
            ],
            [
              -117.9164067,
              33.80839
            ],
            [
              -117.9164419,
              33.808383
            ],
            [
              -117.9164838,
              33.8083756
            ],
            [
              -117.9165835,
              33.8083573
            ],
            [
              -117.9166725,
              33.808341
            ],
            [
              -117.9166769,
              33.8083478
            ],
            [
              -117.9166806,
              33.8083534
            ],
            [
              -117.9166862,
              33.808362
            ],
            [
              -117.9167023,
              33.8083821
            ],
            [
              -117.9167196,
              33.8083744
            ],
            [
              -117.916765,
              33.8083576
            ],
            [
              -117.9168411,
              33.808334
            ],
            [
              -117.91684,
              33.8083957
            ],
            [
              -117.916823,
              33.8083984
            ],
            [
              -117.9168237,
              33.8084111
            ],
            [
              -117.9168136,
              33.8084111
            ],
            [
              -117.9168132,
              33.8084644
            ],
            [
              -117.9168335,
              33.8084643
            ],
            [
              -117.9168336,
              33.8084766
            ],
            [
              -117.9168227,
              33.8084768
            ],
            [
              -117.9168238,
              33.8085336
            ],
            [
              -117.9168339,
              33.8085356
            ],
            [
              -117.9168348,
              33.8086964
            ],
            [
              -117.9174196,
              33.8086942
            ],
            [
              -117.9174183,
              33.8084747
            ],
            [
              -117.9175427,
              33.8084754
            ],
            [
              -117.9175936,
              33.8084757
            ],
            [
              -117.9176099,
              33.8084757
            ],
            [
              -117.9176208,
              33.8084756
            ],
            [
              -117.917617,
              33.8086836
            ],
            [
              -117.9179523,
              33.8086814
            ],
            [
              -117.9179506,
              33.8084104
            ],
            [
              -117.9180265,
              33.8084094
            ],
            [
              -117.918026,
              33.8083608
            ],
            [
              -117.918026,
              33.8083557
            ],
            [
              -117.9180259,
              33.8083511
            ],
            [
              -117.9180236,
              33.8081983
            ],
            [
              -117.9180175,
              33.8081983
            ],
            [
              -117.9179757,
              33.8081982
            ],
            [
              -117.9179763,
              33.808184
            ],
            [
              -117.917976,
              33.8081613
            ],
            [
              -117.9182918,
              33.8081609
            ],
            [
              -117.91847,
              33.8081588
            ],
            [
              -117.9184708,
              33.8078349
            ],
            [
              -117.9184706,
              33.8078048
            ],
            [
              -117.9185044,
              33.8078051
            ],
            [
              -117.9185052,
              33.8077951
            ],
            [
              -117.9185054,
              33.8077865
            ],
            [
              -117.918534,
              33.8077871
            ],
            [
              -117.918534,
              33.8077779
            ],
            [
              -117.9185337,
              33.8077407
            ],
            [
              -117.9185337,
              33.8077363
            ],
            [
              -117.9185726,
              33.8077359
            ],
            [
              -117.9185722,
              33.8077082
            ],
            [
              -117.9185722,
              33.8076855
            ],
            [
              -117.9185722,
              33.8076579
            ],
            [
              -117.9185722,
              33.8076465
            ],
            [
              -117.9185722,
              33.8076398
            ],
            [
              -117.9185724,
              33.8076069
            ],
            [
              -117.9185725,
              33.807583
            ],
            [
              -117.9185718,
              33.8075604
            ],
            [
              -117.9185769,
              33.8075583
            ],
            [
              -117.9185783,
              33.807554
            ],
            [
              -117.9185777,
              33.8075381
            ],
            [
              -117.9185785,
              33.8075245
            ],
            [
              -117.91859,
              33.8075193
            ],
            [
              -117.9186143,
              33.8075203
            ],
            [
              -117.9186161,
              33.8075142
            ],
            [
              -117.9186368,
              33.8074631
            ],
            [
              -117.918669,
              33.8074134
            ],
            [
              -117.9186861,
              33.8074132
            ],
            [
              -117.9186865,
              33.8073887
            ],
            [
              -117.9186138,
              33.8073242
            ],
            [
              -117.9185791,
              33.8073506
            ],
            [
              -117.918497,
              33.8072756
            ],
            [
              -117.9184295,
              33.8072182
            ],
            [
              -117.9184217,
              33.8072071
            ],
            [
              -117.9181039,
              33.8072082
            ],
            [
              -117.9181049,
              33.8072549
            ],
            [
              -117.9180556,
              33.8072561
            ],
            [
              -117.9180551,
              33.8072638
            ],
            [
              -117.918016,
              33.8072645
            ],
            [
              -117.9180174,
              33.8073204
            ],
            [
              -117.9180636,
              33.8073206
            ],
            [
              -117.918065,
              33.8074153
            ],
            [
              -117.9180367,
              33.8074155
            ],
            [
              -117.9180364,
              33.8074265
            ],
            [
              -117.9180153,
              33.8074267
            ],
            [
              -117.9179844,
              33.8074271
            ],
            [
              -117.9179842,
              33.8074143
            ],
            [
              -117.9179839,
              33.8073871
            ],
            [
              -117.9179839,
              33.8071357
            ],
            [
              -117.917558,
              33.8071349
            ],
            [
              -117.9173794,
              33.8071345
            ],
            [
              -117.9173357,
              33.8071363
            ]
          ]
        ]
      }
    },
    {
      "type": "Feature",
      "properties": {
        "name": "Paradise Gardens Park",
        "park": "california-adventure",
        "bufferMeters": 60,
        "source": "lands.json (import_osm_lands.py); regenerate or hand-edit freely"
      },
      "geometry": {
        "type": "Polygon",
        "coordinates": [
          [
            [
              -117.9206343,
              33.8059036
            ],
            [
              -117.9205993,
              33.8059398
            ],
            [
              -117.9205952,
              33.8059879
            ],
            [
              -117.9205961,
              33.8060443
            ],
            [
              -117.9205968,
              33.8060838
            ],
            [
              -117.9205972,
              33.8060923
            ],
            [
              -117.9205982,
              33.8061166
            ],
            [
              -117.9206001,
              33.8061463
            ],
            [
              -117.9206015,
              33.8061768
            ],
            [
              -117.9206014,
              33.8061996
            ],
            [
              -117.9206026,
              33.8062167
            ],
            [
              -117.9205885,
              33.8062261
            ],
            [
              -117.9205882,
              33.8062586
            ],
            [
              -117.9205967,
              33.8062696
            ],
            [
              -117.920618,
              33.8062699
            ],
            [
              -117.9206454,
              33.8062703
            ],
            [
              -117.9206465,
              33.8062969
            ],
            [
              -117.9206717,
              33.8062969
            ],
            [
              -117.92073,
              33.8062968
            ],
            [
              -117.9207335,
              33.8062968
            ],
            [
              -117.9207337,
              33.8063024
            ],
            [
              -117.920738,
              33.8063024
            ],
            [
              -117.920738,
              33.8063158
            ],
            [
              -117.9207306,
              33.8063154
            ],
            [
              -117.9207305,
              33.8063447
            ],
            [
              -117.9207373,
              33.806345
            ],
            [
              -117.9207361,
              33.8063598
            ],
            [
              -117.9206912,
              33.8063605
            ],
            [
              -117.9206918,
              33.8063967
            ],
            [
              -117.920739,
              33.8063969
            ],
            [
              -117.920738,
              33.806444
            ],
            [
              -117.920723,
              33.8064452
            ],
            [
              -117.9207222,
              33.8064326
            ],
            [
              -117.9206369,
              33.8064339
            ],
            [
              -117.9206362,
              33.8064458
            ],
            [
              -117.9206429,
              33.8064455
            ],
            [
              -117.9206508,
              33.8064451
            ],
            [
              -117.9206507,
              33.8065396
            ],
            [
              -117.9206841,
              33.8065401
            ],
            [
              -117.9207242,
              33.8065403
            ],
            [
              -117.9207253,
              33.806552
            ],
            [
              -117.9207697,
              33.8065508
            ],
            [
              -117.9207806,
              33.8065577
            ],
            [
              -117.9207752,
              33.806559
            ],
            [
              -117.9207757,
              33.8065778
            ],
            [
              -117.9207864,
              33.8065777
            ],
            [
              -117.9207996,
              33.8065775
            ],
            [
              -117.9208217,
              33.8065776
            ],
            [
              -117.9208219,
              33.8065691
            ],
            [
              -117.9208511,
              33.8065685
            ],
            [
              -117.9209244,
              33.8065675
            ],
            [
              -117.9209726,
              33.806568
            ],
            [
              -117.9210485,
              33.806565
            ],
            [
              -117.9210483,
              33.8065572
            ],
            [
              -117.9210462,
              33.8065486
            ],
            [
              -117.9211454,
              33.8065472
            ],
            [
              -117.9211453,
              33.8065414
            ],
            [
              -117.9212944,
              33.8065413
            ],
            [
              -117.9214195,
              33.806543
            ],
            [
              -117.9216556,
              33.8064249
            ],
            [
              -117.9217553,
              33.8064205
            ],
            [
              -117.9217567,
              33.8063046
            ],
            [
              -117.9217725,
              33.8063024
            ],
            [
              -117.9218425,
              33.8063023
            ],
            [
              -117.9218453,
              33.8063019
            ],
            [
              -117.921858,
              33.8063018
            ],
            [
              -117.9218857,
              33.8063016
            ],
            [
              -117.9219544,
              33.806301
            ],
            [
              -117.9219609,
              33.8063033
            ],
            [
              -117.9219796,
              33.8063139
            ],
            [
              -117.921999,
              33.8063249
            ],
            [
              -117.9220189,
              33.8063311
            ],
            [
              -117.9220245,
              33.8063328
            ],
            [
              -117.9220331,
              33.806351
            ],
            [
              -117.9220425,
              33.8063557
            ],
            [
              -117.9220537,
              33.8063613
            ],
            [
              -117.9220983,
              33.806297
            ],
            [
              -117.9221453,
              33.8063168
            ],
            [
              -117.9221646,
              33.8063249
            ],
            [
              -117.9221583,
              33.8063355
            ],
            [
              -117.9221824,
              33.8063465
            ],
            [
              -117.9221873,
              33.8063405
            ],
            [
              -117.9221944,
              33.8063319
            ],
            [
              -117.9223118,
              33.8063917
            ],
            [
              -117.9223875,
              33.8064157
            ],
            [
              -117.9223976,
              33.8063825
            ],
            [
              -117.9223781,
              33.8063774
            ],
            [
              -117.9223853,
              33.8063678
            ],
            [
              -117.9224166,
              33.8063669
            ],
            [
              -117.9224235,
              33.8064359
            ],
            [
              -117.9224914,
              33.8064327
            ],
            [
              -117.9224851,
              33.8063731
            ],
            [
              -117.9224843,
              33.8063652
            ],
            [
              -117.9225301,
              33.8063638
            ],
            [
              -117.9225577,
              33.8063629
            ],
            [
              -117.9225585,
              33.8063896
            ],
            [
              -117.9225579,
              33.8064112
            ],
            [
              -117.922555,
              33.806469
            ],
            [
              -117.9225666,
              33.8065139
            ],
            [
              -117.9226056,
              33.8065226
            ],
            [
              -117.9227024,
              33.8065368
            ],
            [
              -117.9227122,
              33.8065149
            ],
            [
              -117.9227767,
              33.806508
            ],
            [
              -117.9227761,
              33.8065025
            ],
            [
              -117.9227754,
              33.8064953
            ],
            [
              -117.9228005,
              33.8064928
            ],
            [
              -117.9228031,
              33.8065134
            ],
            [
              -117.9227984,
              33.8065139
            ],
            [
              -117.9228006,
              33.8065376
            ],
            [
              -117.922919,
              33.806531
            ],
            [
              -117.9229414,
              33.8065303
            ],
            [
              -117.9229688,
              33.8065158
            ],
            [
              -117.9232042,
              33.8065012
            ],
            [
              -117.9232143,
              33.8065067
            ],
            [
              -117.9233734,
              33.8064961
            ],
            [
              -117.923366,
              33.8064191
            ],
            [
              -117.9233611,
              33.8063697
            ],
            [
              -117.923358,
              33.8063278
            ],
            [
              -117.9233565,
              33.8063006
            ],
            [
              -117.9233834,
              33.8063007
            ],
            [
              -117.9233803,
              33.8062456
            ],
            [
              -117.9233954,
              33.8062457
            ],
            [
              -117.9234061,
              33.8062457
            ],
            [
              -117.923408,
              33.8063045
            ],
            [
              -117.9234263,
              33.8063045
            ],
            [
              -117.9234415,
              33.8063045
            ],
            [
              -117.9234428,
              33.8062878
            ],
            [
              -117.9235501,
              33.8062844
            ],
            [
              -117.9235501,
              33.8062688
            ],
            [
              -117.9235823,
              33.8062688
            ],
            [
              -117.9235823,
              33.8062309
            ],
            [
              -117.9236011,
              33.8062309
            ],
            [
              -117.9236185,
              33.8061774
            ],
            [
              -117.9236185,
              33.806148
            ],
            [
              -117.9236185,
              33.8061217
            ],
            [
              -117.9235997,
              33.8061217
            ],
            [
              -117.9235997,
              33.806037
            ],
            [
              -117.9236185,
              33.806037
            ],
            [
              -117.9236185,
              33.8059657
            ],
            [
              -117.9235032,
              33.8059646
            ],
            [
              -117.9234818,
              33.8059677
            ],
            [
              -117.9234816,
              33.8059365
            ],
            [
              -117.9234815,
              33.8059161
            ],
            [
              -117.923482,
              33.805895
            ],
            [
              -117.9235126,
              33.8058844
            ],
            [
              -117.9235109,
              33.8058805
            ],
            [
              -117.9236064,
              33.8058475
            ],
            [
              -117.9235205,
              33.8056668
            ],
            [
              -117.9233634,
              33.8055681
            ],
            [
              -117.9233583,
              33.8055692
            ],
            [
              -117.9233568,
              33.8055658
            ],
            [
              -117.9232811,
              33.8055917
            ],
            [
              -117.9232731,
              33.8055761
            ],
            [
              -117.9232251,
              33.805531
            ],
            [
              -117.923198,
              33.8055026
            ],
            [
              -117.9231843,
              33.805507
            ],
            [
              -117.9231755,
              33.8055139
            ],
            [
              -117.9231453,
              33.8054878
            ],
            [
              -117.9231252,
              33.8054696
            ],
            [
              -117.9231052,
              33.8054559
            ],
            [
              -117.9230988,
              33.8054523
            ],
            [
              -117.9230866,
              33.8054454
            ],
            [
              -117.9231063,
              33.8054253
            ],
            [
              -117.9231249,
              33.8054367
            ],
            [
              -117.9231437,
              33.8054194
            ],
            [
              -117.9231626,
              33.8053904
            ],
            [
              -117.9231157,
              33.8053417
            ],
            [
              -117.9230942,
              33.8053796
            ],
            [
              -117.9230615,
              33.8054108
            ],
            [
              -117.9230199,
              33.8054531
            ],
            [
              -117.922975,
              33.8054788
            ],
            [
              -117.9229273,
              33.8054863
            ],
            [
              -117.9228825,
              33.8054982
            ],
            [
              -117.9228618,
              33.8055014
            ],
            [
              -117.9228366,
              33.8054999
            ],
            [
              -117.9228257,
              33.8055128
            ],
            [
              -117.9228131,
              33.8055233
            ],
            [
              -117.9227855,
              33.8055446
            ],
            [
              -117.9227606,
              33.8055353
            ],
            [
              -117.9227313,
              33.8055243
            ],
            [
              -117.9227002,
              33.8055154
            ],
            [
              -117.9226663,
              33.8055167
            ],
            [
              -117.9226359,
              33.805527
            ],
            [
              -117.922614,
              33.8055345
            ],
            [
              -117.9226101,
              33.8055279
            ],
            [
              -117.9225588,
              33.8055604
            ],
            [
              -117.922574,
              33.8055765
            ],
            [
              -117.9225458,
              33.8056155
            ],
            [
              -117.9225186,
              33.8056115
            ],
            [
              -117.9225103,
              33.8056626
            ],
            [
              -117.9225429,
              33.8056667
            ],
            [
              -117.9225472,
              33.8056802
            ],
            [
              -117.9225522,
              33.8056956
            ],
            [
              -117.9225227,
              33.8057112
            ],
            [
              -117.9225627,
              33.8057656
            ],
            [
              -117.9225941,
              33.8057492
            ],
            [
              -117.9226312,
              33.805768
            ],
            [
              -117.9226262,
              33.8057896
            ],
            [
              -117.9226972,
              33.8057968
            ],
            [
              -117.9226992,
              33.8057724
            ],
            [
              -117.9227318,
              33.8057631
            ],
            [
              -117.9227549,
              33.8057565
            ],
            [
              -117.9227876,
              33.8057295
            ],
            [
              -117.9228042,
              33.8057439
            ],
            [
              -117.9228056,
              33.8057732
            ],
            [
              -117.9227777,
              33.8057935
            ],
            [
              -117.9227299,
              33.8058112
            ],
            [
              -117.9227185,
              33.8058184
            ],
            [
              -117.9227075,
              33.8058174
            ],
            [
              -117.9226965,
              33.8058167
            ],
            [
              -117.9226823,
              33.8058193
            ],
            [
              -117.9226697,
              33.8058255
            ],
            [
              -117.9226604,
              33.8058348
            ],
            [
              -117.9226563,
              33.8058433
            ],
            [
              -117.9226523,
              33.8058562
            ],
            [
              -117.9226587,
              33.8058764
            ],
            [
              -117.9226384,
              33.8058875
            ],
            [
              -117.9226092,
              33.8058546
            ],
            [
              -117.9225763,
              33.8058264
            ],
            [
              -117.9225445,
              33.8058163
            ],
            [
              -117.9225144,
              33.8058146
            ],
            [
              -117.9224918,
              33.8058187
            ],
            [
              -117.9224568,
              33.8057962
            ],
            [
              -117.9224171,
              33.8058366
            ],
            [
              -117.9224455,
              33.8058566
            ],
            [
              -117.9224416,
              33.8058722
            ],
            [
              -117.9224413,
              33.8058955
            ],
            [
              -117.9224522,
              33.8059289
            ],
            [
              -117.922451,
              33.805967
            ],
            [
              -117.9224472,
              33.8059863
            ],
            [
              -117.9223976,
              33.8059682
            ],
            [
              -117.9223985,
              33.8059646
            ],
            [
              -117.922391,
              33.8059249
            ],
            [
              -117.9223628,
              33.8058866
            ],
            [
              -117.9223277,
              33.8058649
            ],
            [
              -117.9222901,
              33.8058545
            ],
            [
              -117.9222475,
              33.8058544
            ],
            [
              -117.9222158,
              33.8058622
            ],
            [
              -117.9221795,
              33.8058819
            ],
            [
              -117.9221519,
              33.805912
            ],
            [
              -117.9221377,
              33.8059624
            ],
            [
              -117.922147,
              33.806001
            ],
            [
              -117.9221781,
              33.8060391
            ],
            [
              -117.922164,
              33.806053
            ],
            [
              -117.9220798,
              33.8060243
            ],
            [
              -117.9220856,
              33.806006
            ],
            [
              -117.9220942,
              33.8059721
            ],
            [
              -117.9220983,
              33.8059343
            ],
            [
              -117.9220915,
              33.8058989
            ],
            [
              -117.9220814,
              33.8058803
            ],
            [
              -117.9220701,
              33.8058596
            ],
            [
              -117.9220285,
              33.8058239
            ],
            [
              -117.9219697,
              33.8057916
            ],
            [
              -117.9219824,
              33.8057625
            ],
            [
              -117.9219427,
              33.8057495
            ],
            [
              -117.9219287,
              33.8057776
            ],
            [
              -117.9219092,
              33.8057713
            ],
            [
              -117.9218421,
              33.8057493
            ],
            [
              -117.9218147,
              33.8057431
            ],
            [
              -117.9216963,
              33.8057161
            ],
            [
              -117.9217046,
              33.8056928
            ],
            [
              -117.9216644,
              33.805683
            ],
            [
              -117.9216562,
              33.8057063
            ],
            [
              -117.9215792,
              33.8056846
            ],
            [
              -117.9215763,
              33.8056687
            ],
            [
              -117.9215606,
              33.8056546
            ],
            [
              -117.9215413,
              33.8056465
            ],
            [
              -117.9215211,
              33.8056432
            ],
            [
              -117.9215218,
              33.8056281
            ],
            [
              -117.921495,
              33.8056272
            ],
            [
              -117.9214755,
              33.8056209
            ],
            [
              -117.9214371,
              33.8056156
            ],
            [
              -117.9214363,
              33.8055909
            ],
            [
              -117.9214021,
              33.8055894
            ],
            [
              -117.9214004,
              33.8056149
            ],
            [
              -117.9213727,
              33.8056173
            ],
            [
              -117.9213514,
              33.8056259
            ],
            [
              -117.9213228,
              33.8056253
            ],
            [
              -117.9213223,
              33.8056415
            ],
            [
              -117.9212972,
              33.8056433
            ],
            [
              -117.9212755,
              33.8056499
            ],
            [
              -117.9212622,
              33.8056729
            ],
            [
              -117.9212623,
              33.8056964
            ],
            [
              -117.9211917,
              33.8057108
            ],
            [
              -117.9211806,
              33.8056839
            ],
            [
              -117.9211439,
              33.8056943
            ],
            [
              -117.921155,
              33.8057212
            ],
            [
              -117.9210435,
              33.8057497
            ],
            [
              -117.9209445,
              33.8057812
            ],
            [
              -117.9209331,
              33.8057515
            ],
            [
              -117.9208923,
              33.8057623
            ],
            [
              -117.9209038,
              33.805792
            ],
            [
              -117.9208722,
              33.8057865
            ],
            [
              -117.9208718,
              33.805804
            ],
            [
              -117.9208721,
              33.8058152
            ],
            [
              -117.9208556,
              33.805813
            ],
            [
              -117.9208332,
              33.8058102
            ],
            [
              -117.9208251,
              33.8058102
            ],
            [
              -117.9208097,
              33.8058102
            ],
            [
              -117.9207943,
              33.8058118
            ],
            [
              -117.9207794,
              33.8058208
            ],
            [
              -117.9207767,
              33.8058008
            ],
            [
              -117.9206343,
              33.8059036
            ]
          ]
        ]
      }
    },
    {
      "type": "Feature",
      "properties": {
        "name": "Pixar Pier",
        "park": "california-adventure",
        "bufferMeters": 60,
        "source": "lands.json (import_osm_lands.py); regenerate or hand-edit freely"
      },
      "geometry": {
        "type": "Polygon",
        "coordinates": [
          [
            [
              -117.9206155,
              33.8052855
            ],
            [
              -117.9205045,
              33.8052536
            ],
            [
              -117.9204656,
              33.8052169
            ],
            [
              -117.920424,
              33.8051734
            ],
            [
              -117.9204709,
              33.80514
            ],
            [
              -117.9204602,
              33.8051317
            ],
            [
              -117.920428,
              33.8051028
            ],
            [
              -117.9204079,
              33.8050794
            ],
            [
              -117.9203931,
              33.8050582
            ],
            [
              -117.9203878,
              33.8050314
            ],
            [
              -117.9203813,
              33.804975
            ],
            [
              -117.9203829,
              33.8049481
            ],
            [
              -117.9203691,
              33.8049507
            ],
            [
              -117.9203376,
              33.8049472
            ],
            [
              -117.9203098,
              33.8049383
            ],
            [
              -117.9202888,
              33.8049218
            ],
            [
              -117.9202941,
              33.8047195
            ],
            [
              -117.9202933,
              33.8046653
            ],
            [
              -117.9202932,
              33.8046491
            ],
            [
              -117.9202931,
              33.80448
            ],
            [
              -117.9203457,
              33.8044802
            ],
            [
              -117.9203458,
              33.8044655
            ],
            [
              -117.9203536,
              33.8044501
            ],
            [
              -117.9203531,
              33.8043934
            ],
            [
              -117.9203436,
              33.8043936
            ],
            [
              -117.9203442,
              33.8042976
            ],
            [
              -117.9203384,
              33.8040989
            ],
            [
              -117.9203055,
              33.8040995
            ],
            [
              -117.9203038,
              33.8040435
            ],
            [
              -117.9202898,
              33.8040438
            ],
            [
              -117.9202887,
              33.8040064
            ],
            [
              -117.920306,
              33.8040061
            ],
            [
              -117.9203046,
              33.803953
            ],
            [
              -117.9203387,
              33.8039524
            ],
            [
              -117.9203387,
              33.8039496
            ],
            [
              -117.9204963,
              33.8039471
            ],
            [
              -117.9204966,
              33.8039595
            ],
            [
              -117.9205077,
              33.8039589
            ],
            [
              -117.9210251,
              33.8039511
            ],
            [
              -117.9210974,
              33.8039813
            ],
            [
              -117.9212243,
              33.8040343
            ],
            [
              -117.9213826,
              33.8041142
            ],
            [
              -117.9214041,
              33.8041259
            ],
            [
              -117.9214978,
              33.8039821
            ],
            [
              -117.9215554,
              33.8039697
            ],
            [
              -117.9215749,
              33.8039658
            ],
            [
              -117.9216594,
              33.8039688
            ],
            [
              -117.9219277,
              33.8040825
            ],
            [
              -117.921938,
              33.8040715
            ],
            [
              -117.9219947,
              33.8040959
            ],
            [
              -117.9219808,
              33.804109
            ],
            [
              -117.9220458,
              33.8041413
            ],
            [
              -117.9220054,
              33.8041904
            ],
            [
              -117.9220802,
              33.8043138
            ],
            [
              -117.9220223,
              33.8043992
            ],
            [
              -117.9224979,
              33.80462
            ],
            [
              -117.9226108,
              33.804669
            ],
            [
              -117.9226278,
              33.8046432
            ],
            [
              -117.9229494,
              33.8047867
            ],
            [
              -117.9230053,
              33.8048136
            ],
            [
              -117.9230445,
              33.8049474
            ],
            [
              -117.923057,
              33.8049848
            ],
            [
              -117.9230656,
              33.8050162
            ],
            [
              -117.923111,
              33.8051811
            ],
            [
              -117.9231279,
              33.8052427
            ],
            [
              -117.9231581,
              33.8053527
            ],
            [
              -117.9231626,
              33.8053904
            ],
            [
              -117.9231157,
              33.8053417
            ],
            [
              -117.9230942,
              33.8053796
            ],
            [
              -117.9230615,
              33.8054108
            ],
            [
              -117.9230199,
              33.8054531
            ],
            [
              -117.922975,
              33.8054788
            ],
            [
              -117.9229273,
              33.8054863
            ],
            [
              -117.9228825,
              33.8054982
            ],
            [
              -117.9228618,
              33.8055014
            ],
            [
              -117.9228366,
              33.8054999
            ],
            [
              -117.9227625,
              33.805491
            ],
            [
              -117.9226927,
              33.8054679
            ],
            [
              -117.9226525,
              33.8054434
            ],
            [
              -117.9225935,
              33.8053899
            ],
            [
              -117.922564,
              33.8053007
            ],
            [
              -117.9225538,
              33.8052444
            ],
            [
              -117.9225656,
              33.8051907
            ],
            [
              -117.9225523,
              33.8051796
            ],
            [
              -117.9225197,
              33.8051618
            ],
            [
              -117.9224859,
              33.805169
            ],
            [
              -117.9224711,
              33.8051729
            ],
            [
              -117.9223899,
              33.8051061
            ],
            [
              -117.922332,
              33.8050708
            ],
            [
              -117.9222974,
              33.8051028
            ],
            [
              -117.9223299,
              33.8051251
            ],
            [
              -117.922341,
              33.8051136
            ],
            [
              -117.9223565,
              33.8051239
            ],
            [
              -117.9223455,
              33.8051353
            ],
            [
              -117.9223806,
              33.8051629
            ],
            [
              -117.9222696,
              33.805269
            ],
            [
              -117.9220648,
              33.8051226
            ],
            [
              -117.92205,
              33.8051135
            ],
            [
              -117.9220275,
              33.8050972
            ],
            [
              -117.9221241,
              33.8050048
            ],
            [
              -117.9221467,
              33.8050211
            ],
            [
              -117.92216,
              33.8050291
            ],
            [
              -117.922207,
              33.8050628
            ],
            [
              -117.9222461,
              33.8050142
            ],
            [
              -117.9222054,
              33.8049904
            ],
            [
              -117.9222169,
              33.8049729
            ],
            [
              -117.9222237,
              33.804965
            ],
            [
              -117.9222312,
              33.8049524
            ],
            [
              -117.9221884,
              33.8049325
            ],
            [
              -117.9221727,
              33.8049572
            ],
            [
              -117.922058,
              33.804907
            ],
            [
              -117.9220737,
              33.8048822
            ],
            [
              -117.9220274,
              33.8048601
            ],
            [
              -117.9219981,
              33.8048479
            ],
            [
              -117.9218306,
              33.804801
            ],
            [
              -117.9218267,
              33.8047836
            ],
            [
              -117.9217783,
              33.8047885
            ],
            [
              -117.9217206,
              33.8047943
            ],
            [
              -117.9215193,
              33.8048187
            ],
            [
              -117.9215237,
              33.804841
            ],
            [
              -117.9205272,
              33.8049367
            ],
            [
              -117.9205199,
              33.8049781
            ],
            [
              -117.9205221,
              33.80499
            ],
            [
              -117.9205239,
              33.8049997
            ],
            [
              -117.9205252,
              33.8050063
            ],
            [
              -117.9205441,
              33.8050348
            ],
            [
              -117.9205554,
              33.8050459
            ],
            [
              -117.9205863,
              33.8050667
            ],
            [
              -117.9206164,
              33.8050817
            ],
            [
              -117.9207257,
              33.8050835
            ],
            [
              -117.9207241,
              33.8050729
            ],
            [
              -117.9207596,
              33.8050438
            ],
            [
              -117.9207726,
              33.8050325
            ],
            [
              -117.9208097,
              33.8050313
            ],
            [
              -117.9208466,
              33.8050334
            ],
            [
              -117.9208604,
              33.8050434
            ],
            [
              -117.9208792,
              33.8050583
            ],
            [
              -117.9208921,
              33.8050566
            ],
            [
              -117.9209076,
              33.8050556
            ],
            [
              -117.9209805,
              33.8050544
            ],
            [
              -117.9209927,
              33.8050544
            ],
            [
              -117.9210086,
              33.8050543
            ],
            [
              -117.92103,
              33.8050427
            ],
            [
              -117.9210623,
              33.8050415
            ],
            [
              -117.9210891,
              33.8050615
            ],
            [
              -117.9210917,
              33.805088
            ],
            [
              -117.9210724,
              33.8051093
            ],
            [
              -117.9210758,
              33.8052812
            ],
            [
              -117.9212093,
              33.8052828
            ],
            [
              -117.9212092,
              33.8052917
            ],
            [
              -117.9212233,
              33.8052922
            ],
            [
              -117.9212461,
              33.80531
            ],
            [
              -117.9212467,
              33.8053421
            ],
            [
              -117.9212273,
              33.8053568
            ],
            [
              -117.9212098,
              33.8053579
            ],
            [
              -117.921209,
              33.8053713
            ],
            [
              -117.9210765,
              33.8053716
            ],
            [
              -117.9210677,
              33.8053635
            ],
            [
              -117.9210529,
              33.8053646
            ],
            [
              -117.9210412,
              33.8053833
            ],
            [
              -117.9210306,
              33.8053838
            ],
            [
              -117.9210302,
              33.8054291
            ],
            [
              -117.9209765,
              33.8054293
            ],
            [
              -117.9209122,
              33.8054885
            ],
            [
              -117.9208866,
              33.8055121
            ],
            [
              -117.9208665,
              33.805512
            ],
            [
              -117.9208667,
              33.8055253
            ],
            [
              -117.9208672,
              33.8055491
            ],
            [
              -117.9208683,
              33.8056125
            ],
            [
              -117.9208701,
              33.8056982
            ],
            [
              -117.9208705,
              33.8057245
            ],
            [
              -117.9208711,
              33.8057679
            ],
            [
              -117.9208713,
              33.805777
            ],
            [
              -117.9208722,
              33.8057865
            ],
            [
              -117.9208718,
              33.805804
            ],
            [
              -117.9208721,
              33.8058152
            ],
            [
              -117.9208556,
              33.805813
            ],
            [
              -117.9208332,
              33.8058102
            ],
            [
              -117.9208251,
              33.8058102
            ],
            [
              -117.9208097,
              33.8058102
            ],
            [
              -117.9207943,
              33.8058118
            ],
            [
              -117.9207794,
              33.8058208
            ],
            [
              -117.9207767,
              33.8058008
            ],
            [
              -117.9207763,
              33.8057817
            ],
            [
              -117.9207745,
              33.8056957
            ],
            [
              -117.9207735,
              33.805646
            ],
            [
              -117.9207727,
              33.8056106
            ],
            [
              -117.920771,
              33.8055261
            ],
            [
              -117.9207709,
              33.8055219
            ],
            [
              -117.9207707,
              33.8055114
            ],
            [
              -117.9207477,
              33.8055098
            ],
            [
              -117.9206367,
              33.8054246
            ],
            [
              -117.9206334,
              33.805408
            ],
            [
              -117.9206343,
              33.8053857
            ],
            [
              -117.9206337,
              33.8053062
            ],
            [
              -117.9206155,
              33.8052855
            ]
          ]
        ]
      }
    },
    {
      "type": "Feature",
      "properties": {
        "name": "San Fransokyo Square",
        "park": "california-adventure",
        "bufferMeters": 60,
        "source": "lands.json (import_osm_lands.py); regenerate or hand-edit freely"
      },
      "geometry": {
        "type": "Polygon",
        "coordinates": [
          [
            [
              -117.9205972,
              33.8060923
            ],
            [
              -117.9205827,
              33.8060923
            ],
            [
              -117.9205313,
              33.8060935
            ],
            [
              -117.9204838,
              33.8060958
            ],
            [
              -117.920428,
              33.8060997
            ],
            [
              -117.9203742,
              33.8061029
            ],
            [
              -117.9203556,
              33.8061057
            ],
            [
              -117.9202827,
              33.8061168
            ],
            [
              -117.9202113,
              33.8061327
            ],
            [
              -117.920166,
              33.8061456
            ],
            [
              -117.9201078,
              33.8061599
            ],
            [
              -117.9200679,
              33.8061731
            ],
            [
              -117.92005,
              33.8061801
            ],
            [
              -117.9199893,
              33.8062021
            ],
            [
              -117.919983,
              33.8062044
            ],
            [
              -117.9199695,
              33.8062101
            ],
            [
              -117.9199347,
              33.8062239
            ],
            [
              -117.9198648,
              33.8062506
            ],
            [
              -117.9198265,
              33.806265
            ],
            [
              -117.9197948,
              33.8062768
            ],
            [
              -117.9197767,
              33.8062704
            ],
            [
              -117.9196746,
              33.8063072
            ],
            [
              -117.9196562,
              33.8062867
            ],
            [
              -117.9196405,
              33.8062658
            ],
            [
              -117.9196272,
              33.8062187
            ],
            [
              -117.9196158,
              33.8061732
            ],
            [
              -117.9195982,
              33.8061376
            ],
            [
              -117.9195458,
              33.8060762
            ],
            [
              -117.919485,
              33.8060109
            ],
            [
              -117.9194766,
              33.8060013
            ],
            [
              -117.9194699,
              33.8059936
            ],
            [
              -117.9194387,
              33.8059608
            ],
            [
              -117.9194029,
              33.8059237
            ],
            [
              -117.9194184,
              33.8059137
            ],
            [
              -117.9194396,
              33.8059023
            ],
            [
              -117.9193721,
              33.8058257
            ],
            [
              -117.919447,
              33.8057764
            ],
            [
              -117.919394,
              33.8057196
            ],
            [
              -117.9194716,
              33.8056696
            ],
            [
              -117.9195011,
              33.8057013
            ],
            [
              -117.9195246,
              33.8057264
            ],
            [
              -117.9195583,
              33.8057055
            ],
            [
              -117.9196655,
              33.805822
            ],
            [
              -117.9196784,
              33.8058136
            ],
            [
              -117.9196616,
              33.8057913
            ],
            [
              -117.9196777,
              33.8057813
            ],
            [
              -117.9196925,
              33.8058002
            ],
            [
              -117.9197315,
              33.8057756
            ],
            [
              -117.9197156,
              33.8057578
            ],
            [
              -117.9197013,
              33.8057667
            ],
            [
              -117.9196415,
              33.8057011
            ],
            [
              -117.9196606,
              33.8056876
            ],
            [
              -117.9196436,
              33.8056655
            ],
            [
              -117.9197592,
              33.8055893
            ],
            [
              -117.919757,
              33.8055869
            ],
            [
              -117.9197805,
              33.8055718
            ],
            [
              -117.9197901,
              33.8055657
            ],
            [
              -117.9198014,
              33.8055586
            ],
            [
              -117.919837,
              33.8055361
            ],
            [
              -117.9198519,
              33.805554
            ],
            [
              -117.9199041,
              33.8055197
            ],
            [
              -117.9199105,
              33.8055155
            ],
            [
              -117.9199719,
              33.8054784
            ],
            [
              -117.9199511,
              33.8054567
            ],
            [
              -117.9200426,
              33.8053947
            ],
            [
              -117.9200507,
              33.8054034
            ],
            [
              -117.9201452,
              33.8053406
            ],
            [
              -117.9202077,
              33.8054055
            ],
            [
              -117.9201629,
              33.8054353
            ],
            [
              -117.9201762,
              33.8054484
            ],
            [
              -117.9201882,
              33.8054603
            ],
            [
              -117.920255,
              33.8054119
            ],
            [
              -117.9202121,
              33.8053684
            ],
            [
              -117.9202738,
              33.8053272
            ],
            [
              -117.9203181,
              33.8053751
            ],
            [
              -117.9203637,
              33.8053472
            ],
            [
              -117.9205052,
              33.8054978
            ],
            [
              -117.9205305,
              33.805482
            ],
            [
              -117.9206184,
              33.8054259
            ],
            [
              -117.920609,
              33.805417
            ],
            [
              -117.9206189,
              33.8054114
            ],
            [
              -117.9206157,
              33.8053858
            ],
            [
              -117.9206343,
              33.8053857
            ],
            [
              -117.9206334,
              33.805408
            ],
            [
              -117.9206367,
              33.8054246
            ],
            [
              -117.9207477,
              33.8055098
            ],
            [
              -117.9207707,
              33.8055114
            ],
            [
              -117.9207709,
              33.8055219
            ],
            [
              -117.920771,
              33.8055261
            ],
            [
              -117.9207727,
              33.8056106
            ],
            [
              -117.9207735,
              33.805646
            ],
            [
              -117.9207745,
              33.8056957
            ],
            [
              -117.9207763,
              33.8057817
            ],
            [
              -117.9207767,
              33.8058008
            ],
            [
              -117.9206343,
              33.8059036
            ],
            [
              -117.9205993,
              33.8059398
            ],
            [
              -117.9205952,
              33.8059879
            ],
            [
              -117.9205961,
              33.8060443
            ],
            [
              -117.9205968,
              33.8060838
            ],
            [
              -117.9205972,
              33.8060923
            ]
          ]
        ]
      }
    },
    {
      "type": "Feature",
      "properties": {
        "name": "Adventureland",
        "park": "disneyland",
        "bufferMeters": 60,
        "source": "lands.json (import_osm_lands.py); regenerate or hand-edit freely"
      },
      "geometry": {
        "type": "Polygon",
        "coordinates": [
          [
            [
              -117.9206394,
              33.8113208
            ],
            [
              -117.9206383,
              33.8113333
            ],
            [
              -117.9206394,
              33.8113499
            ],
            [
              -117.9205776,
              33.8114122
            ],
            [
              -117.9205594,
              33.8114424
            ],
            [
              -117.9205412,
              33.8114524
            ],
            [
              -117.9205381,
              33.8114544
            ],
            [
              -117.9205276,
              33.8114613
            ],
            [
              -117.9205132,
              33.8114707
            ],
            [
              -117.9205079,
              33.8114741
            ],
            [
              -117.920497,
              33.8114613
            ],
            [
              -117.9204836,
              33.8114696
            ],
            [
              -117.9204706,
              33.811458
            ],
            [
              -117.9204545,
              33.8114664
            ],
            [
              -117.9204492,
              33.8114601
            ],
            [
              -117.9204263,
              33.8114722
            ],
            [
              -117.9204317,
              33.8114769
            ],
            [
              -117.9204165,
              33.8114855
            ],
            [
              -117.9204249,
              33.8114936
            ],
            [
              -117.920409,
              33.8115103
            ],
            [
              -117.9203964,
              33.8115093
            ],
            [
              -117.9203455,
              33.8116065
            ],
            [
              -117.9203322,
              33.8116091
            ],
            [
              -117.9202972,
              33.8116166
            ],
            [
              -117.9202838,
              33.8116466
            ],
            [
              -117.9202637,
              33.8116489
            ],
            [
              -117.9202576,
              33.8116372
            ],
            [
              -117.9202023,
              33.811647
            ],
            [
              -117.9202261,
              33.8117336
            ],
            [
              -117.9201506,
              33.8117685
            ],
            [
              -117.9200209,
              33.8117937
            ],
            [
              -117.9200209,
              33.8118233
            ],
            [
              -117.9200213,
              33.8118314
            ],
            [
              -117.9198019,
              33.8118323
            ],
            [
              -117.9198017,
              33.8118541
            ],
            [
              -117.9198023,
              33.8118645
            ],
            [
              -117.919803,
              33.8118785
            ],
            [
              -117.919803,
              33.8118914
            ],
            [
              -117.9198044,
              33.8119072
            ],
            [
              -117.919804,
              33.8119307
            ],
            [
              -117.9198052,
              33.8119414
            ],
            [
              -117.9197485,
              33.8119428
            ],
            [
              -117.9197258,
              33.8119437
            ],
            [
              -117.9197027,
              33.8119447
            ],
            [
              -117.9197006,
              33.8119185
            ],
            [
              -117.919709,
              33.8119155
            ],
            [
              -117.9197112,
              33.8119026
            ],
            [
              -117.9197092,
              33.8118896
            ],
            [
              -117.9196929,
              33.8118902
            ],
            [
              -117.9196896,
              33.8118907
            ],
            [
              -117.9196709,
              33.8118941
            ],
            [
              -117.9196622,
              33.8118956
            ],
            [
              -117.9196465,
              33.8118983
            ],
            [
              -117.91964,
              33.8118995
            ],
            [
              -117.919636,
              33.8119002
            ],
            [
              -117.9196241,
              33.8119023
            ],
            [
              -117.9195189,
              33.8119207
            ],
            [
              -117.9195022,
              33.8118786
            ],
            [
              -117.9194936,
              33.8118535
            ],
            [
              -117.919479,
              33.8118419
            ],
            [
              -117.9194786,
              33.8118317
            ],
            [
              -117.9194781,
              33.8118177
            ],
            [
              -117.9194765,
              33.8117744
            ],
            [
              -117.9194758,
              33.8117602
            ],
            [
              -117.9194822,
              33.8117599
            ],
            [
              -117.9194774,
              33.8116985
            ],
            [
              -117.9194969,
              33.8116664
            ],
            [
              -117.9194963,
              33.8116537
            ],
            [
              -117.9194442,
              33.8116537
            ],
            [
              -117.9193592,
              33.8115812
            ],
            [
              -117.919359,
              33.8115319
            ],
            [
              -117.919358,
              33.8115178
            ],
            [
              -117.9194092,
              33.8115188
            ],
            [
              -117.9194125,
              33.8114404
            ],
            [
              -117.9194797,
              33.81138
            ],
            [
              -117.9194223,
              33.8113315
            ],
            [
              -117.9194202,
              33.8112898
            ],
            [
              -117.9193908,
              33.8112898
            ],
            [
              -117.9193891,
              33.8112753
            ],
            [
              -117.9193882,
              33.8112396
            ],
            [
              -117.9193859,
              33.8111419
            ],
            [
              -117.9194156,
              33.8111423
            ],
            [
              -117.9194225,
              33.8111424
            ],
            [
              -117.9194229,
              33.8111245
            ],
            [
              -117.9194227,
              33.8110978
            ],
            [
              -117.919381,
              33.811098
            ],
            [
              -117.9193808,
              33.8110709
            ],
            [
              -117.9193796,
              33.8109212
            ],
            [
              -117.9193807,
              33.8108857
            ],
            [
              -117.9193982,
              33.8108858
            ],
            [
              -117.9194658,
              33.810886
            ],
            [
              -117.9194714,
              33.8108346
            ],
            [
              -117.9194727,
              33.8108122
            ],
            [
              -117.9194789,
              33.8107927
            ],
            [
              -117.9194868,
              33.8107695
            ],
            [
              -117.9195047,
              33.8107629
            ],
            [
              -117.9195331,
              33.8107381
            ],
            [
              -117.9195905,
              33.8106531
            ],
            [
              -117.9195567,
              33.8106344
            ],
            [
              -117.9196002,
              33.8106357
            ],
            [
              -117.9196023,
              33.8105856
            ],
            [
              -117.9195911,
              33.8105603
            ],
            [
              -117.9195857,
              33.810502
            ],
            [
              -117.919589,
              33.8104891
            ],
            [
              -117.919588,
              33.8104768
            ],
            [
              -117.9195838,
              33.8102653
            ],
            [
              -117.9195867,
              33.810195
            ],
            [
              -117.9195892,
              33.8101682
            ],
            [
              -117.9195893,
              33.810145
            ],
            [
              -117.9196016,
              33.8101139
            ],
            [
              -117.9196371,
              33.8100794
            ],
            [
              -117.9196707,
              33.8100338
            ],
            [
              -117.91979,
              33.8099472
            ],
            [
              -117.9198108,
              33.809932
            ],
            [
              -117.9198313,
              33.8099171
            ],
            [
              -117.9198482,
              33.8099053
            ],
            [
              -117.9198726,
              33.8098914
            ],
            [
              -117.9198955,
              33.8098848
            ],
            [
              -117.9199207,
              33.8098831
            ],
            [
              -117.9202883,
              33.8098962
            ],
            [
              -117.9203448,
              33.8099055
            ],
            [
              -117.9204209,
              33.8099159
            ],
            [
              -117.9205069,
              33.8099307
            ],
            [
              -117.9205961,
              33.8099499
            ],
            [
              -117.9206659,
              33.8099798
            ],
            [
              -117.9207425,
              33.8100199
            ],
            [
              -117.9208154,
              33.810064
            ],
            [
              -117.920872,
              33.8100995
            ],
            [
              -117.9209236,
              33.8101265
            ],
            [
              -117.9209754,
              33.8101511
            ],
            [
              -117.9210742,
              33.8101901
            ],
            [
              -117.9210738,
              33.8101793
            ],
            [
              -117.9210737,
              33.8100965
            ],
            [
              -117.9209457,
              33.810099
            ],
            [
              -117.9209486,
              33.8097013
            ],
            [
              -117.9209489,
              33.8096811
            ],
            [
              -117.9209478,
              33.8095952
            ],
            [
              -117.9209475,
              33.8095698
            ],
            [
              -117.920947,
              33.8095336
            ],
            [
              -117.9214723,
              33.8095303
            ],
            [
              -117.9214924,
              33.8095302
            ],
            [
              -117.9215155,
              33.8095297
            ],
            [
              -117.9218763,
              33.809536
            ],
            [
              -117.9218751,
              33.8100931
            ],
            [
              -117.9218368,
              33.8100943
            ],
            [
              -117.9218375,
              33.8101416
            ],
            [
              -117.9217519,
              33.8101419
            ],
            [
              -117.9217501,
              33.8100941
            ],
            [
              -117.9216558,
              33.8100948
            ],
            [
              -117.9216564,
              33.8101176
            ],
            [
              -117.9215781,
              33.8101173
            ],
            [
              -117.9215766,
              33.810179
            ],
            [
              -117.9212802,
              33.8101781
            ],
            [
              -117.92128,
              33.810222
            ],
            [
              -117.921128,
              33.810222
            ],
            [
              -117.9212113,
              33.8102714
            ],
            [
              -117.921273,
              33.8102944
            ],
            [
              -117.9214048,
              33.810325
            ],
            [
              -117.9214225,
              33.810325
            ],
            [
              -117.9214508,
              33.8103441
            ],
            [
              -117.9213843,
              33.8105132
            ],
            [
              -117.9213504,
              33.8105833
            ],
            [
              -117.9213372,
              33.8106142
            ],
            [
              -117.9212577,
              33.8105606
            ],
            [
              -117.921213,
              33.8105304
            ],
            [
              -117.9211821,
              33.8105096
            ],
            [
              -117.9211522,
              33.8104894
            ],
            [
              -117.9210033,
              33.810495
            ],
            [
              -117.9209579,
              33.8105138
            ],
            [
              -117.920943,
              33.8105282
            ],
            [
              -117.9209266,
              33.8105443
            ],
            [
              -117.9209184,
              33.8107308
            ],
            [
              -117.9207457,
              33.8110395
            ],
            [
              -117.9207172,
              33.81103
            ],
            [
              -117.9207036,
              33.8110257
            ],
            [
              -117.9206868,
              33.81102
            ],
            [
              -117.9206777,
              33.81104
            ],
            [
              -117.9206669,
              33.8110636
            ],
            [
              -117.9206519,
              33.8110926
            ],
            [
              -117.9206425,
              33.8111111
            ],
            [
              -117.9206431,
              33.8111455
            ],
            [
              -117.9206514,
              33.8111449
            ],
            [
              -117.9206565,
              33.8111441
            ],
            [
              -117.9206616,
              33.8111452
            ],
            [
              -117.9206649,
              33.8111529
            ],
            [
              -117.9206715,
              33.8112102
            ],
            [
              -117.9206726,
              33.8112195
            ],
            [
              -117.920671,
              33.8112257
            ],
            [
              -117.9206669,
              33.811227
            ],
            [
              -117.92067,
              33.8112512
            ],
            [
              -117.9206777,
              33.8112582
            ],
            [
              -117.9206826,
              33.8112676
            ],
            [
              -117.9206791,
              33.8112814
            ],
            [
              -117.920674,
              33.8112982
            ],
            [
              -117.9206652,
              33.8113096
            ],
            [
              -117.920646,
              33.8113179
            ],
            [
              -117.9206394,
              33.8113208
            ]
          ]
        ]
      }
    },
    {
      "type": "Feature",
      "properties": {
        "name": "Bayou Country",
        "park": "disneyland",
        "bufferMeters": 60,
        "source": "lands.json (import_osm_lands.py); regenerate or hand-edit freely"
      },
      "geometry": {
        "type": "Polygon",
        "coordinates": [
          [
            [
              -117.9220373,
              33.8120288
            ],
            [
              -117.9220343,
              33.8120473
            ],
            [
              -117.9220316,
              33.8120638
            ],
            [
              -117.9220302,
              33.8120726
            ],
            [
              -117.9220203,
              33.8121337
            ],
            [
              -117.9220184,
              33.8121454
            ],
            [
              -117.9220057,
              33.8121592
            ],
            [
              -117.9219152,
              33.8121936
            ],
            [
              -117.9219063,
              33.8121945
            ],
            [
              -117.9218928,
              33.8121911
            ],
            [
              -117.9218766,
              33.8121899
            ],
            [
              -117.921859,
              33.8121948
            ],
            [
              -117.9218331,
              33.8122012
            ],
            [
              -117.9218175,
              33.8122101
            ],
            [
              -117.9217926,
              33.8122241
            ],
            [
              -117.9217983,
              33.8122331
            ],
            [
              -117.9217589,
              33.8122565
            ],
            [
              -117.9217492,
              33.8122681
            ],
            [
              -117.9217743,
              33.8123103
            ],
            [
              -117.9218097,
              33.8123505
            ],
            [
              -117.9218455,
              33.8123625
            ],
            [
              -117.9218875,
              33.8123683
            ],
            [
              -117.9219278,
              33.8123973
            ],
            [
              -117.9219709,
              33.8124388
            ],
            [
              -117.9219884,
              33.8124507
            ],
            [
              -117.9220087,
              33.8124906
            ],
            [
              -117.9220066,
              33.8124943
            ],
            [
              -117.9220458,
              33.8125154
            ],
            [
              -117.9221679,
              33.8125752
            ],
            [
              -117.9222141,
              33.8125958
            ],
            [
              -117.9222645,
              33.8125988
            ],
            [
              -117.9222692,
              33.8126042
            ],
            [
              -117.92228,
              33.8126129
            ],
            [
              -117.9223254,
              33.8126716
            ],
            [
              -117.92237,
              33.8127217
            ],
            [
              -117.9223894,
              33.8127441
            ],
            [
              -117.9224089,
              33.8127691
            ],
            [
              -117.9224253,
              33.812799
            ],
            [
              -117.9225125,
              33.8129043
            ],
            [
              -117.9225147,
              33.8129248
            ],
            [
              -117.9225484,
              33.8129936
            ],
            [
              -117.922559,
              33.8130534
            ],
            [
              -117.9225849,
              33.8131134
            ],
            [
              -117.9226744,
              33.8131693
            ],
            [
              -117.9227227,
              33.8131835
            ],
            [
              -117.9227958,
              33.8131869
            ],
            [
              -117.9228371,
              33.8131884
            ],
            [
              -117.9228582,
              33.8131893
            ],
            [
              -117.9228666,
              33.8131896
            ],
            [
              -117.922918,
              33.8131871
            ],
            [
              -117.922933,
              33.8131672
            ],
            [
              -117.9229535,
              33.8131438
            ],
            [
              -117.9229779,
              33.813122
            ],
            [
              -117.9230168,
              33.8130559
            ],
            [
              -117.9230741,
              33.8130659
            ],
            [
              -117.923052,
              33.8130167
            ],
            [
              -117.9230595,
              33.8130138
            ],
            [
              -117.9230478,
              33.8129876
            ],
            [
              -117.9230719,
              33.8129332
            ],
            [
              -117.9229976,
              33.81279
            ],
            [
              -117.9229841,
              33.8127603
            ],
            [
              -117.9230357,
              33.8127425
            ],
            [
              -117.9230944,
              33.8128968
            ],
            [
              -117.9231158,
              33.8128907
            ],
            [
              -117.9231668,
              33.8130094
            ],
            [
              -117.9232496,
              33.8130433
            ],
            [
              -117.9233777,
              33.8130099
            ],
            [
              -117.9233686,
              33.8129859
            ],
            [
              -117.9234553,
              33.8129604
            ],
            [
              -117.9234362,
              33.8129124
            ],
            [
              -117.9234589,
              33.8129067
            ],
            [
              -117.9234332,
              33.8128386
            ],
            [
              -117.9234106,
              33.812845
            ],
            [
              -117.9233865,
              33.8127823
            ],
            [
              -117.923434,
              33.8127701
            ],
            [
              -117.923375,
              33.8126082
            ],
            [
              -117.923477,
              33.8125687
            ],
            [
              -117.9235279,
              33.8124974
            ],
            [
              -117.9235189,
              33.8122985
            ],
            [
              -117.9234256,
              33.8121944
            ],
            [
              -117.923398,
              33.8121902
            ],
            [
              -117.9233921,
              33.8122267
            ],
            [
              -117.9233563,
              33.812224
            ],
            [
              -117.9233529,
              33.8121912
            ],
            [
              -117.9234046,
              33.8121562
            ],
            [
              -117.9232688,
              33.8120061
            ],
            [
              -117.9232328,
              33.8120318
            ],
            [
              -117.9231898,
              33.8120132
            ],
            [
              -117.923153,
              33.8120199
            ],
            [
              -117.9231513,
              33.8120088
            ],
            [
              -117.9231501,
              33.8119898
            ],
            [
              -117.9231486,
              33.8119676
            ],
            [
              -117.9231674,
              33.8119516
            ],
            [
              -117.9231853,
              33.8119299
            ],
            [
              -117.9232393,
              33.8119298
            ],
            [
              -117.9233168,
              33.8119871
            ],
            [
              -117.9233729,
              33.8120365
            ],
            [
              -117.9234175,
              33.8120868
            ],
            [
              -117.9234668,
              33.8121401
            ],
            [
              -117.9234989,
              33.8121468
            ],
            [
              -117.9235196,
              33.8121332
            ],
            [
              -117.9235178,
              33.8120605
            ],
            [
              -117.9235045,
              33.8119983
            ],
            [
              -117.9234647,
              33.8119728
            ],
            [
              -117.9234144,
              33.8119615
            ],
            [
              -117.9234405,
              33.8119295
            ],
            [
              -117.92344,
              33.8118207
            ],
            [
              -117.9234415,
              33.8117513
            ],
            [
              -117.9235144,
              33.8116989
            ],
            [
              -117.9235438,
              33.8116776
            ],
            [
              -117.9234247,
              33.811571
            ],
            [
              -117.923355,
              33.8116224
            ],
            [
              -117.9232446,
              33.8116227
            ],
            [
              -117.9231287,
              33.8116224
            ],
            [
              -117.9231258,
              33.8117663
            ],
            [
              -117.9228317,
              33.8118824
            ],
            [
              -117.9227779,
              33.8119039
            ],
            [
              -117.9226616,
              33.8118863
            ],
            [
              -117.9226438,
              33.8118927
            ],
            [
              -117.9226301,
              33.811871
            ],
            [
              -117.922559,
              33.8119058
            ],
            [
              -117.9225149,
              33.8118302
            ],
            [
              -117.9225052,
              33.8118132
            ],
            [
              -117.9225115,
              33.8118087
            ],
            [
              -117.9224987,
              33.8117926
            ],
            [
              -117.9224129,
              33.8118138
            ],
            [
              -117.9224003,
              33.8117967
            ],
            [
              -117.9222974,
              33.8118522
            ],
            [
              -117.9222863,
              33.811858
            ],
            [
              -117.922278,
              33.8118622
            ],
            [
              -117.9223136,
              33.8118979
            ],
            [
              -117.9222581,
              33.8119214
            ],
            [
              -117.9222942,
              33.8119651
            ],
            [
              -117.9222011,
              33.8119915
            ],
            [
              -117.9221875,
              33.8119997
            ],
            [
              -117.9221844,
              33.8120013
            ],
            [
              -117.9221669,
              33.8120102
            ],
            [
              -117.9221362,
              33.8120177
            ],
            [
              -117.9220924,
              33.8120226
            ],
            [
              -117.922049,
              33.8120275
            ],
            [
              -117.9220373,
              33.8120288
            ]
          ]
        ]
      }
    },
    {
      "type": "Feature",
      "properties": {
        "name": "Fantasyland",
        "park": "disneyland",
        "bufferMeters": 60,
        "source": "lands.json (import_osm_lands.py); regenerate or hand-edit freely"
      },
      "geometry": {
        "type": "Polygon",
        "coordinates": [
          [
            [
              -117.9172195,
              33.8143239
            ],
            [
              -117.9172229,
              33.8143057
            ],
            [
              -117.9171908,
              33.8143087
            ],
            [
              -117.9171892,
              33.8142915
            ],
            [
              -117.9172113,
              33.814279
            ],
            [
              -117.9172549,
              33.8141721
            ],
            [
              -117.9172951,
              33.8141788
            ],
            [
              -117.9173132,
              33.8141712
            ],
            [
              -117.9173309,
              33.814158
            ],
            [
              -117.9173331,
              33.814149
            ],
            [
              -117.9172965,
              33.8141409
            ],
            [
              -117.9172415,
              33.8141276
            ],
            [
              -117.9172342,
              33.8141026
            ],
            [
              -117.9172535,
              33.8140908
            ],
            [
              -117.9173179,
              33.814103
            ],
            [
              -117.91733,
              33.8141153
            ],
            [
              -117.9173528,
              33.8141019
            ],
            [
              -117.9173518,
              33.8140892
            ],
            [
              -117.9173533,
              33.8140717
            ],
            [
              -117.9173589,
              33.8140544
            ],
            [
              -117.917367,
              33.8140459
            ],
            [
              -117.9173759,
              33.8140384
            ],
            [
              -117.9173435,
              33.8140084
            ],
            [
              -117.9172807,
              33.8139506
            ],
            [
              -117.9172465,
              33.8139155
            ],
            [
              -117.917326,
              33.8138927
            ],
            [
              -117.9173434,
              33.8139174
            ],
            [
              -117.9173763,
              33.8139115
            ],
            [
              -117.9174001,
              33.8139026
            ],
            [
              -117.9174287,
              33.813886
            ],
            [
              -117.9174472,
              33.813872
            ],
            [
              -117.9175052,
              33.8137805
            ],
            [
              -117.9175132,
              33.8137679
            ],
            [
              -117.9175066,
              33.8137461
            ],
            [
              -117.9174996,
              33.8137249
            ],
            [
              -117.917494,
              33.8137087
            ],
            [
              -117.9174901,
              33.8136985
            ],
            [
              -117.9174507,
              33.8136065
            ],
            [
              -117.9174221,
              33.8136053
            ],
            [
              -117.9173969,
              33.8135971
            ],
            [
              -117.9173816,
              33.8135864
            ],
            [
              -117.9173689,
              33.8135697
            ],
            [
              -117.9173689,
              33.8135441
            ],
            [
              -117.9173776,
              33.8135162
            ],
            [
              -117.9173779,
              33.8134913
            ],
            [
              -117.9173722,
              33.8134539
            ],
            [
              -117.9173561,
              33.8134127
            ],
            [
              -117.9173535,
              33.8134072
            ],
            [
              -117.9173486,
              33.8133969
            ],
            [
              -117.9173434,
              33.8133782
            ],
            [
              -117.9173186,
              33.8133192
            ],
            [
              -117.9172964,
              33.813293
            ],
            [
              -117.9172797,
              33.8132818
            ],
            [
              -117.9172525,
              33.81322
            ],
            [
              -117.9173056,
              33.8132074
            ],
            [
              -117.9173454,
              33.8131981
            ],
            [
              -117.9174078,
              33.8131619
            ],
            [
              -117.9173958,
              33.8131428
            ],
            [
              -117.9174413,
              33.8131118
            ],
            [
              -117.9174679,
              33.813084
            ],
            [
              -117.917486,
              33.8130557
            ],
            [
              -117.9174984,
              33.8130265
            ],
            [
              -117.9175092,
              33.812988
            ],
            [
              -117.9175185,
              33.8129754
            ],
            [
              -117.917518,
              33.8129286
            ],
            [
              -117.9174963,
              33.8128872
            ],
            [
              -117.9174748,
              33.8128449
            ],
            [
              -117.9174684,
              33.8128356
            ],
            [
              -117.9174824,
              33.8128313
            ],
            [
              -117.9175038,
              33.8128189
            ],
            [
              -117.9175075,
              33.8128145
            ],
            [
              -117.9175128,
              33.8127977
            ],
            [
              -117.9175159,
              33.8127828
            ],
            [
              -117.917521,
              33.8127659
            ],
            [
              -117.9175265,
              33.8127531
            ],
            [
              -117.9175344,
              33.8127407
            ],
            [
              -117.9175599,
              33.8127206
            ],
            [
              -117.9176152,
              33.8126812
            ],
            [
              -117.9177006,
              33.8126669
            ],
            [
              -117.9177116,
              33.8126669
            ],
            [
              -117.9178276,
              33.8126672
            ],
            [
              -117.9179578,
              33.8126675
            ],
            [
              -117.9179568,
              33.812639
            ],
            [
              -117.9179556,
              33.8126158
            ],
            [
              -117.9179543,
              33.8126018
            ],
            [
              -117.9179533,
              33.8125938
            ],
            [
              -117.9179528,
              33.8125856
            ],
            [
              -117.9179514,
              33.8125706
            ],
            [
              -117.9179488,
              33.8125423
            ],
            [
              -117.917947,
              33.8125228
            ],
            [
              -117.9179464,
              33.8125165
            ],
            [
              -117.9179456,
              33.8125077
            ],
            [
              -117.9179441,
              33.8124919
            ],
            [
              -117.9181596,
              33.8122999
            ],
            [
              -117.9181561,
              33.812365
            ],
            [
              -117.9181557,
              33.8123669
            ],
            [
              -117.9181546,
              33.8123717
            ],
            [
              -117.9181541,
              33.8123838
            ],
            [
              -117.9181545,
              33.8123955
            ],
            [
              -117.9181529,
              33.8124054
            ],
            [
              -117.9181506,
              33.8124138
            ],
            [
              -117.9181479,
              33.8124206
            ],
            [
              -117.9181443,
              33.8124271
            ],
            [
              -117.9181359,
              33.8124387
            ],
            [
              -117.918162,
              33.8124449
            ],
            [
              -117.9181937,
              33.8124528
            ],
            [
              -117.9182201,
              33.8124551
            ],
            [
              -117.9182196,
              33.8124238
            ],
            [
              -117.9182195,
              33.812403
            ],
            [
              -117.9182197,
              33.8123992
            ],
            [
              -117.9182206,
              33.812383
            ],
            [
              -117.9182208,
              33.8123803
            ],
            [
              -117.9182268,
              33.8123574
            ],
            [
              -117.9182476,
              33.8123122
            ],
            [
              -117.9182613,
              33.8122986
            ],
            [
              -117.9182697,
              33.8122945
            ],
            [
              -117.9182781,
              33.8122904
            ],
            [
              -117.918285,
              33.8122889
            ],
            [
              -117.918291,
              33.8122876
            ],
            [
              -117.9183038,
              33.8122856
            ],
            [
              -117.9183191,
              33.8122832
            ],
            [
              -117.9183327,
              33.8122819
            ],
            [
              -117.9183576,
              33.8122794
            ],
            [
              -117.9183654,
              33.8122776
            ],
            [
              -117.9183846,
              33.8122732
            ],
            [
              -117.9183901,
              33.8122718
            ],
            [
              -117.9184054,
              33.812268
            ],
            [
              -117.9184114,
              33.8122665
            ],
            [
              -117.9184201,
              33.8122628
            ],
            [
              -117.9184395,
              33.8122547
            ],
            [
              -117.9184502,
              33.8122686
            ],
            [
              -117.9184587,
              33.8122768
            ],
            [
              -117.9184684,
              33.8122842
            ],
            [
              -117.9184797,
              33.8122913
            ],
            [
              -117.9184957,
              33.8122906
            ],
            [
              -117.9185143,
              33.8122855
            ],
            [
              -117.9185329,
              33.8122895
            ],
            [
              -117.9185561,
              33.8122805
            ],
            [
              -117.9185333,
              33.8122649
            ],
            [
              -117.9185221,
              33.8122637
            ],
            [
              -117.9185133,
              33.8122663
            ],
            [
              -117.9185044,
              33.8122633
            ],
            [
              -117.9185002,
              33.8122584
            ],
            [
              -117.9184995,
              33.8122529
            ],
            [
              -117.9185297,
              33.8122528
            ],
            [
              -117.9185583,
              33.8122485
            ],
            [
              -117.918581,
              33.8122433
            ],
            [
              -117.9185973,
              33.8122374
            ],
            [
              -117.9186106,
              33.8122302
            ],
            [
              -117.9186279,
              33.8122566
            ],
            [
              -117.9186381,
              33.8122512
            ],
            [
              -117.9186413,
              33.8122504
            ],
            [
              -117.9186438,
              33.8122517
            ],
            [
              -117.9186456,
              33.8122551
            ],
            [
              -117.9186646,
              33.8122815
            ],
            [
              -117.9186861,
              33.8123052
            ],
            [
              -117.9186973,
              33.8123139
            ],
            [
              -117.9187142,
              33.8123221
            ],
            [
              -117.9187286,
              33.8123312
            ],
            [
              -117.9187423,
              33.8123398
            ],
            [
              -117.9187727,
              33.8123503
            ],
            [
              -117.9188122,
              33.8123655
            ],
            [
              -117.9188283,
              33.8123716
            ],
            [
              -117.9188575,
              33.8123808
            ],
            [
              -117.9188711,
              33.8123835
            ],
            [
              -117.9188864,
              33.8123858
            ],
            [
              -117.9189118,
              33.8123902
            ],
            [
              -117.9189502,
              33.812394
            ],
            [
              -117.9189598,
              33.8123945
            ],
            [
              -117.9189662,
              33.8123942
            ],
            [
              -117.9189966,
              33.8123918
            ],
            [
              -117.9190327,
              33.8123865
            ],
            [
              -117.9190468,
              33.8123847
            ],
            [
              -117.9190898,
              33.8123742
            ],
            [
              -117.9191236,
              33.8123598
            ],
            [
              -117.9191354,
              33.8123646
            ],
            [
              -117.9191438,
              33.8123611
            ],
            [
              -117.9191613,
              33.8123539
            ],
            [
              -117.9191834,
              33.8123652
            ],
            [
              -117.9191987,
              33.8123756
            ],
            [
              -117.919232,
              33.8124029
            ],
            [
              -117.9192433,
              33.8123926
            ],
            [
              -117.9192549,
              33.812382
            ],
            [
              -117.9192677,
              33.8123628
            ],
            [
              -117.9193079,
              33.8123029
            ],
            [
              -117.9193162,
              33.8122937
            ],
            [
              -117.9193289,
              33.8122865
            ],
            [
              -117.9193439,
              33.8122842
            ],
            [
              -117.9193584,
              33.8122874
            ],
            [
              -117.9193756,
              33.8122929
            ],
            [
              -117.9193959,
              33.8122949
            ],
            [
              -117.9194081,
              33.8122934
            ],
            [
              -117.9194369,
              33.8123167
            ],
            [
              -117.9194465,
              33.8123194
            ],
            [
              -117.919463,
              33.8123239
            ],
            [
              -117.9194892,
              33.8123492
            ],
            [
              -117.9195155,
              33.8123711
            ],
            [
              -117.9195334,
              33.812386
            ],
            [
              -117.9195429,
              33.8123919
            ],
            [
              -117.9195513,
              33.8123899
            ],
            [
              -117.9195524,
              33.8123978
            ],
            [
              -117.9195754,
              33.8124069
            ],
            [
              -117.9195937,
              33.8124192
            ],
            [
              -117.9196025,
              33.8124258
            ],
            [
              -117.9196116,
              33.8124222
            ],
            [
              -117.9196105,
              33.8124318
            ],
            [
              -117.9196193,
              33.8124384
            ],
            [
              -117.9196412,
              33.8124591
            ],
            [
              -117.9196529,
              33.8124705
            ],
            [
              -117.9196346,
              33.8124831
            ],
            [
              -117.9196078,
              33.8124898
            ],
            [
              -117.9196119,
              33.8125141
            ],
            [
              -117.9196159,
              33.812541
            ],
            [
              -117.9196253,
              33.8125399
            ],
            [
              -117.9196306,
              33.8125555
            ],
            [
              -117.9196412,
              33.8125539
            ],
            [
              -117.9196508,
              33.8125525
            ],
            [
              -117.9196601,
              33.8125511
            ],
            [
              -117.9196776,
              33.8125968
            ],
            [
              -117.9196507,
              33.8126369
            ],
            [
              -117.9196439,
              33.8126344
            ],
            [
              -117.9196369,
              33.8126318
            ],
            [
              -117.9195679,
              33.8127342
            ],
            [
              -117.9195702,
              33.812768
            ],
            [
              -117.9195725,
              33.812783
            ],
            [
              -117.9195664,
              33.8128605
            ],
            [
              -117.9195507,
              33.8128655
            ],
            [
              -117.9194927,
              33.8128877
            ],
            [
              -117.9194284,
              33.8128643
            ],
            [
              -117.9193703,
              33.8128954
            ],
            [
              -117.9193488,
              33.8129065
            ],
            [
              -117.9193595,
              33.8129232
            ],
            [
              -117.9194051,
              33.8129299
            ],
            [
              -117.9194198,
              33.8129492
            ],
            [
              -117.9194515,
              33.8129346
            ],
            [
              -117.9195156,
              33.8129722
            ],
            [
              -117.9195208,
              33.8129772
            ],
            [
              -117.9195511,
              33.8129646
            ],
            [
              -117.9195698,
              33.8129883
            ],
            [
              -117.919546,
              33.8130009
            ],
            [
              -117.9195249,
              33.813012
            ],
            [
              -117.9195394,
              33.8130263
            ],
            [
              -117.9195172,
              33.8130408
            ],
            [
              -117.9195107,
              33.8130465
            ],
            [
              -117.9195721,
              33.8131216
            ],
            [
              -117.919627,
              33.813125
            ],
            [
              -117.9196465,
              33.8131138
            ],
            [
              -117.9197351,
              33.8131149
            ],
            [
              -117.9197345,
              33.8131565
            ],
            [
              -117.9197337,
              33.8132932
            ],
            [
              -117.9196818,
              33.8132949
            ],
            [
              -117.9196627,
              33.8132933
            ],
            [
              -117.9196628,
              33.8133044
            ],
            [
              -117.9196799,
              33.8133029
            ],
            [
              -117.9196799,
              33.8133241
            ],
            [
              -117.9197008,
              33.8133519
            ],
            [
              -117.9197064,
              33.8133977
            ],
            [
              -117.9197239,
              33.8133968
            ],
            [
              -117.9197235,
              33.813414
            ],
            [
              -117.9197078,
              33.8134145
            ],
            [
              -117.9197096,
              33.8135012
            ],
            [
              -117.9197302,
              33.8135009
            ],
            [
              -117.9197408,
              33.8135008
            ],
            [
              -117.9197408,
              33.8135187
            ],
            [
              -117.9197408,
              33.8135257
            ],
            [
              -117.9197731,
              33.8135265
            ],
            [
              -117.9198021,
              33.8135272
            ],
            [
              -117.9198003,
              33.8135654
            ],
            [
              -117.919799,
              33.8135914
            ],
            [
              -117.9197983,
              33.8135995
            ],
            [
              -117.9197976,
              33.8136105
            ],
            [
              -117.919789,
              33.8136971
            ],
            [
              -117.9197379,
              33.8140509
            ],
            [
              -117.9197142,
              33.8140493
            ],
            [
              -117.9196889,
              33.8140482
            ],
            [
              -117.9196814,
              33.8140965
            ],
            [
              -117.9196309,
              33.8141091
            ],
            [
              -117.91963,
              33.8141303
            ],
            [
              -117.9196266,
              33.814142
            ],
            [
              -117.9196125,
              33.8141476
            ],
            [
              -117.9195639,
              33.8141548
            ],
            [
              -117.9195594,
              33.8141316
            ],
            [
              -117.9194325,
              33.8141487
            ],
            [
              -117.9194354,
              33.8141633
            ],
            [
              -117.9193644,
              33.8141728
            ],
            [
              -117.9193684,
              33.8141933
            ],
            [
              -117.9193218,
              33.8141995
            ],
            [
              -117.9193259,
              33.8142207
            ],
            [
              -117.9191761,
              33.8142131
            ],
            [
              -117.9191763,
              33.8141559
            ],
            [
              -117.91893,
              33.8141553
            ],
            [
              -117.9188938,
              33.8141495
            ],
            [
              -117.9187399,
              33.8141501
            ],
            [
              -117.9186739,
              33.8141393
            ],
            [
              -117.9186736,
              33.8141287
            ],
            [
              -117.9186563,
              33.8141287
            ],
            [
              -117.9185909,
              33.8141213
            ],
            [
              -117.9185091,
              33.8140968
            ],
            [
              -117.9184719,
              33.814078
            ],
            [
              -117.9184365,
              33.8141034
            ],
            [
              -117.9184661,
              33.814116
            ],
            [
              -117.918502,
              33.8141284
            ],
            [
              -117.9184944,
              33.8141402
            ],
            [
              -117.9185723,
              33.8141658
            ],
            [
              -117.9185607,
              33.8141992
            ],
            [
              -117.9185093,
              33.814202
            ],
            [
              -117.9184643,
              33.814187
            ],
            [
              -117.9184552,
              33.8142011
            ],
            [
              -117.918431,
              33.8141922
            ],
            [
              -117.918431,
              33.8142089
            ],
            [
              -117.9182914,
              33.8142191
            ],
            [
              -117.9182919,
              33.8142292
            ],
            [
              -117.918298,
              33.8142594
            ],
            [
              -117.9183087,
              33.814307
            ],
            [
              -117.9184094,
              33.8143066
            ],
            [
              -117.9184096,
              33.8142891
            ],
            [
              -117.9184425,
              33.8142896
            ],
            [
              -117.9185982,
              33.8142897
            ],
            [
              -117.9185979,
              33.814305
            ],
            [
              -117.9185989,
              33.814395
            ],
            [
              -117.9186444,
              33.8144029
            ],
            [
              -117.9186873,
              33.8144001
            ],
            [
              -117.9187462,
              33.8144051
            ],
            [
              -117.9187816,
              33.8144155
            ],
            [
              -117.9187797,
              33.8143772
            ],
            [
              -117.9188159,
              33.8143796
            ],
            [
              -117.9188568,
              33.8143824
            ],
            [
              -117.9189031,
              33.8143794
            ],
            [
              -117.9189534,
              33.8143724
            ],
            [
              -117.9189956,
              33.8143595
            ],
            [
              -117.9190403,
              33.8143394
            ],
            [
              -117.9190768,
              33.8143212
            ],
            [
              -117.9190891,
              33.8143477
            ],
            [
              -117.9191125,
              33.8143964
            ],
            [
              -117.9192307,
              33.8143232
            ],
            [
              -117.9192627,
              33.8143597
            ],
            [
              -117.9193907,
              33.8142806
            ],
            [
              -117.9195133,
              33.8144109
            ],
            [
              -117.9195424,
              33.8143939
            ],
            [
              -117.9195694,
              33.8144232
            ],
            [
              -117.9195,
              33.8144661
            ],
            [
              -117.9195167,
              33.8144854
            ],
            [
              -117.9194615,
              33.8145217
            ],
            [
              -117.9195134,
              33.8145818
            ],
            [
              -117.9194287,
              33.8146359
            ],
            [
              -117.9193868,
              33.8146551
            ],
            [
              -117.9193946,
              33.8146579
            ],
            [
              -117.9193367,
              33.8147068
            ],
            [
              -117.91938,
              33.8146991
            ],
            [
              -117.9195141,
              33.8146987
            ],
            [
              -117.9195149,
              33.8147143
            ],
            [
              -117.9195718,
              33.8147345
            ],
            [
              -117.9196215,
              33.8147349
            ],
            [
              -117.9196215,
              33.8147513
            ],
            [
              -117.9196214,
              33.8148204
            ],
            [
              -117.919554,
              33.8148456
            ],
            [
              -117.9194249,
              33.8148761
            ],
            [
              -117.9193336,
              33.8148978
            ],
            [
              -117.9192298,
              33.8149046
            ],
            [
              -117.9191641,
              33.8149045
            ],
            [
              -117.9190789,
              33.8149011
            ],
            [
              -117.9190102,
              33.8148972
            ],
            [
              -117.9189418,
              33.8148905
            ],
            [
              -117.9188507,
              33.8148834
            ],
            [
              -117.9188544,
              33.8148575
            ],
            [
              -117.9188714,
              33.8148582
            ],
            [
              -117.9188872,
              33.8148616
            ],
            [
              -117.9188981,
              33.8148633
            ],
            [
              -117.9188981,
              33.8148621
            ],
            [
              -117.9188882,
              33.8148315
            ],
            [
              -117.9188807,
              33.8148073
            ],
            [
              -117.9188602,
              33.8148115
            ],
            [
              -117.9188481,
              33.8148109
            ],
            [
              -117.9188369,
              33.814806
            ],
            [
              -117.9188268,
              33.8147978
            ],
            [
              -117.9188112,
              33.8147725
            ],
            [
              -117.9188021,
              33.814761
            ],
            [
              -117.9187893,
              33.814753
            ],
            [
              -117.9187718,
              33.8147401
            ],
            [
              -117.9187371,
              33.8147284
            ],
            [
              -117.9187147,
              33.8147229
            ],
            [
              -117.9186942,
              33.8147178
            ],
            [
              -117.9186325,
              33.8146933
            ],
            [
              -117.9185748,
              33.8146577
            ],
            [
              -117.9185279,
              33.814602
            ],
            [
              -117.9184581,
              33.8145708
            ],
            [
              -117.918434,
              33.8145607
            ],
            [
              -117.9183929,
              33.8145652
            ],
            [
              -117.9183569,
              33.8146011
            ],
            [
              -117.9183289,
              33.814631
            ],
            [
              -117.918321,
              33.8146426
            ],
            [
              -117.9183226,
              33.8146599
            ],
            [
              -117.9183323,
              33.8146948
            ],
            [
              -117.9183474,
              33.8147515
            ],
            [
              -117.9183367,
              33.8147584
            ],
            [
              -117.918316,
              33.814758
            ],
            [
              -117.9182822,
              33.8147527
            ],
            [
              -117.9182345,
              33.8147502
            ],
            [
              -117.9182186,
              33.8147493
            ],
            [
              -117.9181983,
              33.8147447
            ],
            [
              -117.9181646,
              33.8147374
            ],
            [
              -117.9181608,
              33.8147494
            ],
            [
              -117.9181591,
              33.8147552
            ],
            [
              -117.9181487,
              33.8147904
            ],
            [
              -117.9181189,
              33.8147993
            ],
            [
              -117.9181118,
              33.8148254
            ],
            [
              -117.9181088,
              33.8148365
            ],
            [
              -117.9180432,
              33.8148241
            ],
            [
              -117.9180381,
              33.8148426
            ],
            [
              -117.9179862,
              33.8148328
            ],
            [
              -117.9177178,
              33.8151011
            ],
            [
              -117.9177177,
              33.8155728
            ],
            [
              -117.9171057,
              33.8155734
            ],
            [
              -117.9171056,
              33.8155167
            ],
            [
              -117.9170662,
              33.8155167
            ],
            [
              -117.9170655,
              33.8148929
            ],
            [
              -117.9170518,
              33.8148134
            ],
            [
              -117.9168983,
              33.8147182
            ],
            [
              -117.9168473,
              33.8146433
            ],
            [
              -117.9168473,
              33.8145782
            ],
            [
              -117.9168473,
              33.8145653
            ],
            [
              -117.9168741,
              33.8145207
            ],
            [
              -117.916909,
              33.814465
            ],
            [
              -117.9169119,
              33.8144531
            ],
            [
              -117.9169323,
              33.8144508
            ],
            [
              -117.9169489,
              33.8144505
            ],
            [
              -117.9169774,
              33.8144513
            ],
            [
              -117.9169978,
              33.8144534
            ],
            [
              -117.9170187,
              33.8144555
            ],
            [
              -117.9170425,
              33.8144615
            ],
            [
              -117.917079,
              33.8144668
            ],
            [
              -117.9171225,
              33.8144748
            ],
            [
              -117.9171641,
              33.8144813
            ],
            [
              -117.9171738,
              33.8144831
            ],
            [
              -117.9171748,
              33.8144728
            ],
            [
              -117.917176,
              33.8144602
            ],
            [
              -117.9172,
              33.8144619
            ],
            [
              -117.9172038,
              33.8144142
            ],
            [
              -117.9172044,
              33.8144107
            ],
            [
              -117.9172056,
              33.8144037
            ],
            [
              -117.9172083,
              33.8143885
            ],
            [
              -117.9172156,
              33.8143472
            ],
            [
              -117.9172173,
              33.8143374
            ],
            [
              -117.9172185,
              33.8143304
            ],
            [
              -117.9172195,
              33.8143239
            ]
          ]
        ]
      }
    },
    {
      "type": "Feature",
      "properties": {
        "name": "Frontierland",
        "park": "disneyland",
        "bufferMeters": 60,
        "source": "lands.json (import_osm_lands.py); regenerate or hand-edit freely"
      },
      "geometry": {
        "type": "Polygon",
        "coordinates": [
          [
            [
              -117.9210606,
              33.8138069
            ],
            [
              -117.9210006,
              33.8138046
            ],
            [
              -117.9209469,
              33.8138064
            ],
            [
              -117.9209389,
              33.8138792
            ],
            [
              -117.920793,
              33.8138519
            ],
            [
              -117.9206086,
              33.8138797
            ],
            [
              -117.9205162,
              33.8139198
            ],
            [
              -117.9204561,
              33.8139396
            ],
            [
              -117.9203639,
              33.8139606
            ],
            [
              -117.9203582,
              33.8140016
            ],
            [
              -117.9202499,
              33.8139615
            ],
            [
              -117.9202328,
              33.8140047
            ],
            [
              -117.9202186,
              33.8140381
            ],
            [
              -117.9203276,
              33.8140857
            ],
            [
              -117.9203021,
              33.8141433
            ],
            [
              -117.9203049,
              33.8141581
            ],
            [
              -117.9202659,
              33.8141678
            ],
            [
              -117.9202043,
              33.8142293
            ],
            [
              -117.9202136,
              33.8142969
            ],
            [
              -117.9201668,
              33.814457
            ],
            [
              -117.920122,
              33.8145019
            ],
            [
              -117.9200923,
              33.8145711
            ],
            [
              -117.9200764,
              33.8146082
            ],
            [
              -117.9200429,
              33.8146631
            ],
            [
              -117.9200307,
              33.8147285
            ],
            [
              -117.920012,
              33.8147435
            ],
            [
              -117.9198819,
              33.8148634
            ],
            [
              -117.919855,
              33.8148935
            ],
            [
              -117.9197974,
              33.8149202
            ],
            [
              -117.9196977,
              33.8149682
            ],
            [
              -117.9196989,
              33.814844
            ],
            [
              -117.9196985,
              33.8147784
            ],
            [
              -117.9196983,
              33.8147523
            ],
            [
              -117.9196975,
              33.8146332
            ],
            [
              -117.9196966,
              33.8144978
            ],
            [
              -117.9196956,
              33.8143521
            ],
            [
              -117.9196952,
              33.814287
            ],
            [
              -117.9196942,
              33.814269
            ],
            [
              -117.9197467,
              33.8142393
            ],
            [
              -117.9197265,
              33.8141326
            ],
            [
              -117.9197379,
              33.8140509
            ],
            [
              -117.919789,
              33.8136971
            ],
            [
              -117.9197976,
              33.8136105
            ],
            [
              -117.9197983,
              33.8135995
            ],
            [
              -117.919799,
              33.8135914
            ],
            [
              -117.9198003,
              33.8135654
            ],
            [
              -117.9198021,
              33.8135272
            ],
            [
              -117.9198037,
              33.813237
            ],
            [
              -117.919863,
              33.8132384
            ],
            [
              -117.9198655,
              33.8131653
            ],
            [
              -117.9198016,
              33.8131639
            ],
            [
              -117.9198015,
              33.8131002
            ],
            [
              -117.9198443,
              33.8131005
            ],
            [
              -117.919845,
              33.8130497
            ],
            [
              -117.9198021,
              33.8130494
            ],
            [
              -117.919786,
              33.8130166
            ],
            [
              -117.9197674,
              33.8129912
            ],
            [
              -117.9197548,
              33.8129854
            ],
            [
              -117.9196642,
              33.8129434
            ],
            [
              -117.9196938,
              33.8128991
            ],
            [
              -117.9196709,
              33.8128898
            ],
            [
              -117.9195838,
              33.812853
            ],
            [
              -117.9195904,
              33.8127717
            ],
            [
              -117.9196709,
              33.8126436
            ],
            [
              -117.9196507,
              33.8126369
            ],
            [
              -117.9196776,
              33.8125968
            ],
            [
              -117.9196601,
              33.8125511
            ],
            [
              -117.9196508,
              33.8125525
            ],
            [
              -117.9196412,
              33.8125539
            ],
            [
              -117.9196306,
              33.8125555
            ],
            [
              -117.9196253,
              33.8125399
            ],
            [
              -117.9196159,
              33.812541
            ],
            [
              -117.9196078,
              33.8124898
            ],
            [
              -117.9196346,
              33.8124831
            ],
            [
              -117.9196529,
              33.8124705
            ],
            [
              -117.9196412,
              33.8124591
            ],
            [
              -117.9196193,
              33.8124384
            ],
            [
              -117.9196105,
              33.8124318
            ],
            [
              -117.9196116,
              33.8124222
            ],
            [
              -117.9196025,
              33.8124258
            ],
            [
              -117.9195937,
              33.8124192
            ],
            [
              -117.9195754,
              33.8124069
            ],
            [
              -117.9195524,
              33.8123978
            ],
            [
              -117.9195513,
              33.8123899
            ],
            [
              -117.9195429,
              33.8123919
            ],
            [
              -117.9195334,
              33.812386
            ],
            [
              -117.9195155,
              33.8123711
            ],
            [
              -117.9194892,
              33.8123492
            ],
            [
              -117.919463,
              33.8123239
            ],
            [
              -117.9194465,
              33.8123194
            ],
            [
              -117.9194369,
              33.8123167
            ],
            [
              -117.9194081,
              33.8122934
            ],
            [
              -117.9194187,
              33.812289
            ],
            [
              -117.9194243,
              33.8122837
            ],
            [
              -117.9194267,
              33.8122787
            ],
            [
              -117.9194262,
              33.8122725
            ],
            [
              -117.9194226,
              33.8122628
            ],
            [
              -117.9194205,
              33.812253
            ],
            [
              -117.9194236,
              33.8122426
            ],
            [
              -117.9194318,
              33.8122317
            ],
            [
              -117.919444,
              33.8122216
            ],
            [
              -117.9194569,
              33.8122135
            ],
            [
              -117.9194743,
              33.8122061
            ],
            [
              -117.9194863,
              33.8122017
            ],
            [
              -117.9195023,
              33.812193
            ],
            [
              -117.9195089,
              33.8121844
            ],
            [
              -117.9195117,
              33.8121756
            ],
            [
              -117.9195101,
              33.8121684
            ],
            [
              -117.9195058,
              33.8121611
            ],
            [
              -117.9194965,
              33.8121576
            ],
            [
              -117.9194935,
              33.8121534
            ],
            [
              -117.9194876,
              33.8121495
            ],
            [
              -117.919484,
              33.8121397
            ],
            [
              -117.9194899,
              33.8121316
            ],
            [
              -117.9194964,
              33.8121243
            ],
            [
              -117.9194957,
              33.8120981
            ],
            [
              -117.9194962,
              33.8120714
            ],
            [
              -117.9195018,
              33.8120655
            ],
            [
              -117.9195042,
              33.8120477
            ],
            [
              -117.9195102,
              33.812031
            ],
            [
              -117.9195135,
              33.812026
            ],
            [
              -117.9195222,
              33.8120182
            ],
            [
              -117.9195302,
              33.8120081
            ],
            [
              -117.9195341,
              33.8120018
            ],
            [
              -117.9195511,
              33.8119866
            ],
            [
              -117.9195612,
              33.8119727
            ],
            [
              -117.9195674,
              33.8119674
            ],
            [
              -117.9195766,
              33.8119621
            ],
            [
              -117.9196003,
              33.8119575
            ],
            [
              -117.9196157,
              33.8119532
            ],
            [
              -117.9196346,
              33.8119463
            ],
            [
              -117.919639,
              33.8119441
            ],
            [
              -117.9196499,
              33.8119386
            ],
            [
              -117.91966,
              33.8119272
            ],
            [
              -117.91967,
              33.8119106
            ],
            [
              -117.9196709,
              33.8118941
            ],
            [
              -117.9196896,
              33.8118907
            ],
            [
              -117.9196929,
              33.8118902
            ],
            [
              -117.9197092,
              33.8118896
            ],
            [
              -117.9197112,
              33.8119026
            ],
            [
              -117.919709,
              33.8119155
            ],
            [
              -117.9197006,
              33.8119185
            ],
            [
              -117.9197027,
              33.8119447
            ],
            [
              -117.9197258,
              33.8119437
            ],
            [
              -117.9197485,
              33.8119428
            ],
            [
              -117.9198052,
              33.8119414
            ],
            [
              -117.919804,
              33.8119307
            ],
            [
              -117.9198044,
              33.8119072
            ],
            [
              -117.919803,
              33.8118914
            ],
            [
              -117.919803,
              33.8118785
            ],
            [
              -117.9198023,
              33.8118645
            ],
            [
              -117.9198017,
              33.8118541
            ],
            [
              -117.9198019,
              33.8118323
            ],
            [
              -117.9200213,
              33.8118314
            ],
            [
              -117.9200209,
              33.8118233
            ],
            [
              -117.9200385,
              33.8118242
            ],
            [
              -117.9200386,
              33.8118156
            ],
            [
              -117.9200797,
              33.8118146
            ],
            [
              -117.9200786,
              33.8118047
            ],
            [
              -117.9201376,
              33.8118057
            ],
            [
              -117.9201363,
              33.8118274
            ],
            [
              -117.9201616,
              33.8118276
            ],
            [
              -117.9201666,
              33.8118274
            ],
            [
              -117.9201666,
              33.811818
            ],
            [
              -117.9202194,
              33.8118186
            ],
            [
              -117.9202205,
              33.8118085
            ],
            [
              -117.92016,
              33.8118079
            ],
            [
              -117.92016,
              33.8117981
            ],
            [
              -117.9201653,
              33.8117977
            ],
            [
              -117.9201651,
              33.8117906
            ],
            [
              -117.9201735,
              33.8117902
            ],
            [
              -117.9201721,
              33.8117863
            ],
            [
              -117.9202056,
              33.8117858
            ],
            [
              -117.9202069,
              33.8117747
            ],
            [
              -117.9202201,
              33.8117746
            ],
            [
              -117.9202207,
              33.8117717
            ],
            [
              -117.9202279,
              33.8117716
            ],
            [
              -117.9202278,
              33.8117595
            ],
            [
              -117.9202428,
              33.8117522
            ],
            [
              -117.920258,
              33.8117493
            ],
            [
              -117.9202763,
              33.8117459
            ],
            [
              -117.9202945,
              33.8117322
            ],
            [
              -117.9203099,
              33.8117194
            ],
            [
              -117.9203226,
              33.8117087
            ],
            [
              -117.9203079,
              33.8116946
            ],
            [
              -117.9203374,
              33.8116734
            ],
            [
              -117.920328,
              33.8116583
            ],
            [
              -117.9203569,
              33.8116238
            ],
            [
              -117.9203448,
              33.8116193
            ],
            [
              -117.9203455,
              33.8116065
            ],
            [
              -117.9203964,
              33.8115093
            ],
            [
              -117.920409,
              33.8115103
            ],
            [
              -117.9204249,
              33.8114936
            ],
            [
              -117.9204165,
              33.8114855
            ],
            [
              -117.9204317,
              33.8114769
            ],
            [
              -117.9204263,
              33.8114722
            ],
            [
              -117.9204492,
              33.8114601
            ],
            [
              -117.9204545,
              33.8114664
            ],
            [
              -117.9204706,
              33.811458
            ],
            [
              -117.9204836,
              33.8114696
            ],
            [
              -117.920497,
              33.8114613
            ],
            [
              -117.9205079,
              33.8114741
            ],
            [
              -117.9205132,
              33.8114707
            ],
            [
              -117.9205276,
              33.8114613
            ],
            [
              -117.9205381,
              33.8114544
            ],
            [
              -117.9205412,
              33.8114524
            ],
            [
              -117.9205594,
              33.8114424
            ],
            [
              -117.9205976,
              33.8114485
            ],
            [
              -117.9206185,
              33.8114532
            ],
            [
              -117.9206295,
              33.8114556
            ],
            [
              -117.9206477,
              33.8114664
            ],
            [
              -117.9206681,
              33.8114838
            ],
            [
              -117.9206786,
              33.8114927
            ],
            [
              -117.9206889,
              33.8115036
            ],
            [
              -117.9206986,
              33.8115138
            ],
            [
              -117.9207035,
              33.8115275
            ],
            [
              -117.9207104,
              33.8115467
            ],
            [
              -117.9207087,
              33.8115607
            ],
            [
              -117.9206911,
              33.811596
            ],
            [
              -117.9209396,
              33.8115228
            ],
            [
              -117.9209679,
              33.8115097
            ],
            [
              -117.9209881,
              33.8115041
            ],
            [
              -117.9210133,
              33.8114988
            ],
            [
              -117.9210244,
              33.8114969
            ],
            [
              -117.9210749,
              33.8114867
            ],
            [
              -117.9211201,
              33.8114834
            ],
            [
              -117.9211676,
              33.8114827
            ],
            [
              -117.9212067,
              33.8114831
            ],
            [
              -117.9212597,
              33.8114861
            ],
            [
              -117.9212747,
              33.8114877
            ],
            [
              -117.9212869,
              33.8114889
            ],
            [
              -117.9213075,
              33.8114911
            ],
            [
              -117.9213247,
              33.8114935
            ],
            [
              -117.9213432,
              33.8114975
            ],
            [
              -117.9213907,
              33.8115101
            ],
            [
              -117.9214296,
              33.8115235
            ],
            [
              -117.9214682,
              33.8115393
            ],
            [
              -117.9214909,
              33.8115513
            ],
            [
              -117.9215299,
              33.8115744
            ],
            [
              -117.921557,
              33.8115956
            ],
            [
              -117.9215815,
              33.8116129
            ],
            [
              -117.921613,
              33.8116385
            ],
            [
              -117.9216158,
              33.8116364
            ],
            [
              -117.9216437,
              33.8116616
            ],
            [
              -117.9216741,
              33.811693
            ],
            [
              -117.9217006,
              33.8117206
            ],
            [
              -117.9217254,
              33.8117543
            ],
            [
              -117.9217656,
              33.811809
            ],
            [
              -117.9218046,
              33.8118358
            ],
            [
              -117.9217984,
              33.8118448
            ],
            [
              -117.9217659,
              33.8118607
            ],
            [
              -117.9217409,
              33.8118756
            ],
            [
              -117.9217311,
              33.8118822
            ],
            [
              -117.921721,
              33.8118888
            ],
            [
              -117.9217094,
              33.8119008
            ],
            [
              -117.9217008,
              33.8119069
            ],
            [
              -117.9216956,
              33.8119106
            ],
            [
              -117.9216282,
              33.811976
            ],
            [
              -117.921617,
              33.8119868
            ],
            [
              -117.9217492,
              33.8122681
            ],
            [
              -117.9217743,
              33.8123103
            ],
            [
              -117.9218097,
              33.8123505
            ],
            [
              -117.9218455,
              33.8123625
            ],
            [
              -117.9218875,
              33.8123683
            ],
            [
              -117.9219278,
              33.8123973
            ],
            [
              -117.9219709,
              33.8124388
            ],
            [
              -117.9219884,
              33.8124507
            ],
            [
              -117.9220087,
              33.8124906
            ],
            [
              -117.9220066,
              33.8124943
            ],
            [
              -117.9220458,
              33.8125154
            ],
            [
              -117.9221679,
              33.8125752
            ],
            [
              -117.9222141,
              33.8125958
            ],
            [
              -117.9222645,
              33.8125988
            ],
            [
              -117.9222692,
              33.8126042
            ],
            [
              -117.92228,
              33.8126129
            ],
            [
              -117.9223254,
              33.8126716
            ],
            [
              -117.92237,
              33.8127217
            ],
            [
              -117.9223668,
              33.812724
            ],
            [
              -117.9224047,
              33.8127716
            ],
            [
              -117.9224089,
              33.8127691
            ],
            [
              -117.9224253,
              33.812799
            ],
            [
              -117.9225125,
              33.8129043
            ],
            [
              -117.9225147,
              33.8129248
            ],
            [
              -117.9225484,
              33.8129936
            ],
            [
              -117.922559,
              33.8130534
            ],
            [
              -117.9225849,
              33.8131134
            ],
            [
              -117.9226744,
              33.8131693
            ],
            [
              -117.9227227,
              33.8131835
            ],
            [
              -117.9227958,
              33.8131869
            ],
            [
              -117.9228371,
              33.8131884
            ],
            [
              -117.9228582,
              33.8131893
            ],
            [
              -117.9228666,
              33.8131896
            ],
            [
              -117.922918,
              33.8131871
            ],
            [
              -117.9229009,
              33.8132484
            ],
            [
              -117.9229172,
              33.8133096
            ],
            [
              -117.9229293,
              33.8133675
            ],
            [
              -117.9229076,
              33.813381
            ],
            [
              -117.9228732,
              33.8133803
            ],
            [
              -117.9228488,
              33.8134088
            ],
            [
              -117.9228488,
              33.8134355
            ],
            [
              -117.922826,
              33.8134845
            ],
            [
              -117.9228019,
              33.8135057
            ],
            [
              -117.9228086,
              33.813538
            ],
            [
              -117.9228023,
              33.8135517
            ],
            [
              -117.9227764,
              33.8135715
            ],
            [
              -117.9227474,
              33.8135774
            ],
            [
              -117.9226859,
              33.8136439
            ],
            [
              -117.9226481,
              33.8136756
            ],
            [
              -117.9226289,
              33.8137052
            ],
            [
              -117.9225926,
              33.8137509
            ],
            [
              -117.9225752,
              33.8137642
            ],
            [
              -117.9225471,
              33.8137698
            ],
            [
              -117.9225296,
              33.8137698
            ],
            [
              -117.9225162,
              33.813775
            ],
            [
              -117.9224545,
              33.8138066
            ],
            [
              -117.9224235,
              33.81381
            ],
            [
              -117.9223888,
              33.8138311
            ],
            [
              -117.9223445,
              33.8138634
            ],
            [
              -117.9222935,
              33.8138757
            ],
            [
              -117.9222499,
              33.8138924
            ],
            [
              -117.9222159,
              33.8139149
            ],
            [
              -117.9221768,
              33.813927
            ],
            [
              -117.9221392,
              33.8139292
            ],
            [
              -117.9221137,
              33.8139259
            ],
            [
              -117.9220507,
              33.8139593
            ],
            [
              -117.9220079,
              33.8139971
            ],
            [
              -117.9219648,
              33.813996
            ],
            [
              -117.9219404,
              33.8139826
            ],
            [
              -117.9219256,
              33.8139781
            ],
            [
              -117.9218938,
              33.8139684
            ],
            [
              -117.9218702,
              33.8139612
            ],
            [
              -117.9218573,
              33.8139573
            ],
            [
              -117.9217706,
              33.8139299
            ],
            [
              -117.9217364,
              33.8139186
            ],
            [
              -117.9217112,
              33.8139103
            ],
            [
              -117.9214309,
              33.8138178
            ],
            [
              -117.9212583,
              33.8137608
            ],
            [
              -117.9212454,
              33.8137879
            ],
            [
              -117.9212236,
              33.813834
            ],
            [
              -117.9211555,
              33.8138112
            ],
            [
              -117.9210606,
              33.8138069
            ]
          ]
        ]
      }
    },
    {
      "type": "Feature",
      "properties": {
        "name": "Main Street U.S.A.",
        "park": "disneyland",
        "bufferMeters": 60,
        "source": "lands.json (import_osm_lands.py); regenerate or hand-edit freely"
      },
      "geometry": {
        "type": "Polygon",
        "coordinates": [
          [
            [
              -117.9194822,
              33.8117599
            ],
            [
              -117.9194774,
              33.8116985
            ],
            [
              -117.9194969,
              33.8116664
            ],
            [
              -117.9194963,
              33.8116537
            ],
            [
              -117.9194442,
              33.8116537
            ],
            [
              -117.9193592,
              33.8115812
            ],
            [
              -117.919359,
              33.8115319
            ],
            [
              -117.919358,
              33.8115178
            ],
            [
              -117.9194092,
              33.8115188
            ],
            [
              -117.9194125,
              33.8114404
            ],
            [
              -117.9194797,
              33.81138
            ],
            [
              -117.9194223,
              33.8113315
            ],
            [
              -117.9194202,
              33.8112898
            ],
            [
              -117.9193908,
              33.8112898
            ],
            [
              -117.9193891,
              33.8112753
            ],
            [
              -117.9193882,
              33.8112396
            ],
            [
              -117.9193859,
              33.8111419
            ],
            [
              -117.919381,
              33.811098
            ],
            [
              -117.9193808,
              33.8110709
            ],
            [
              -117.9193796,
              33.8109212
            ],
            [
              -117.9193807,
              33.8108857
            ],
            [
              -117.9193982,
              33.8108858
            ],
            [
              -117.9194062,
              33.8108273
            ],
            [
              -117.919421,
              33.8108273
            ],
            [
              -117.9194263,
              33.8107927
            ],
            [
              -117.919433,
              33.8107793
            ],
            [
              -117.9194545,
              33.8107727
            ],
            [
              -117.9194625,
              33.8107715
            ],
            [
              -117.9194717,
              33.8107543
            ],
            [
              -117.9194791,
              33.8107346
            ],
            [
              -117.9195497,
              33.8106377
            ],
            [
              -117.919548,
              33.8105384
            ],
            [
              -117.9195325,
              33.8105179
            ],
            [
              -117.9195268,
              33.8105106
            ],
            [
              -117.9195193,
              33.8105014
            ],
            [
              -117.9195092,
              33.8104958
            ],
            [
              -117.9194806,
              33.81048
            ],
            [
              -117.9194802,
              33.8104616
            ],
            [
              -117.9195017,
              33.8104617
            ],
            [
              -117.9195026,
              33.8104499
            ],
            [
              -117.9195093,
              33.8104493
            ],
            [
              -117.9195091,
              33.8104206
            ],
            [
              -117.9195082,
              33.8103092
            ],
            [
              -117.9195079,
              33.8102694
            ],
            [
              -117.9195012,
              33.8102694
            ],
            [
              -117.9195016,
              33.8102194
            ],
            [
              -117.9194945,
              33.8102192
            ],
            [
              -117.9194944,
              33.8101351
            ],
            [
              -117.9194845,
              33.8101356
            ],
            [
              -117.9194845,
              33.810105
            ],
            [
              -117.9195099,
              33.8101051
            ],
            [
              -117.9195093,
              33.8100816
            ],
            [
              -117.919522,
              33.810081
            ],
            [
              -117.919522,
              33.8100739
            ],
            [
              -117.9195605,
              33.8100725
            ],
            [
              -117.9195606,
              33.8100349
            ],
            [
              -117.9195955,
              33.8100339
            ],
            [
              -117.9195964,
              33.810022
            ],
            [
              -117.9195976,
              33.8099816
            ],
            [
              -117.9195421,
              33.8099819
            ],
            [
              -117.9194973,
              33.8099822
            ],
            [
              -117.919492,
              33.8099822
            ],
            [
              -117.9194921,
              33.8099884
            ],
            [
              -117.9194875,
              33.8099887
            ],
            [
              -117.919484,
              33.8099887
            ],
            [
              -117.919398,
              33.8099886
            ],
            [
              -117.9193878,
              33.8099886
            ],
            [
              -117.9193861,
              33.809948
            ],
            [
              -117.9193251,
              33.8099486
            ],
            [
              -117.9193259,
              33.8099338
            ],
            [
              -117.9193259,
              33.8099282
            ],
            [
              -117.9193258,
              33.8099212
            ],
            [
              -117.9193258,
              33.8099119
            ],
            [
              -117.9193254,
              33.8098759
            ],
            [
              -117.9193044,
              33.8098761
            ],
            [
              -117.9192996,
              33.8098761
            ],
            [
              -117.9192845,
              33.8098761
            ],
            [
              -117.919273,
              33.8098761
            ],
            [
              -117.9192667,
              33.8098761
            ],
            [
              -117.9192444,
              33.8098761
            ],
            [
              -117.9192363,
              33.8098761
            ],
            [
              -117.9186713,
              33.8098769
            ],
            [
              -117.9186635,
              33.809877
            ],
            [
              -117.918661,
              33.809877
            ],
            [
              -117.9186526,
              33.809877
            ],
            [
              -117.9186467,
              33.809877
            ],
            [
              -117.918642,
              33.809877
            ],
            [
              -117.9186372,
              33.809877
            ],
            [
              -117.9186295,
              33.8098769
            ],
            [
              -117.918622,
              33.8098769
            ],
            [
              -117.9186175,
              33.8098769
            ],
            [
              -117.9186118,
              33.809877
            ],
            [
              -117.9186065,
              33.8098771
            ],
            [
              -117.9185842,
              33.8098774
            ],
            [
              -117.9185849,
              33.8099099
            ],
            [
              -117.918585,
              33.8099282
            ],
            [
              -117.918585,
              33.8099334
            ],
            [
              -117.9185467,
              33.8099346
            ],
            [
              -117.918545,
              33.8099713
            ],
            [
              -117.9185674,
              33.8099802
            ],
            [
              -117.9185363,
              33.8100115
            ],
            [
              -117.9184814,
              33.8100257
            ],
            [
              -117.9184025,
              33.8100278
            ],
            [
              -117.9183339,
              33.8100277
            ],
            [
              -117.9182888,
              33.810026
            ],
            [
              -117.9182893,
              33.8100555
            ],
            [
              -117.9182296,
              33.810061
            ],
            [
              -117.9182299,
              33.8100758
            ],
            [
              -117.9182009,
              33.8100761
            ],
            [
              -117.9182013,
              33.8100958
            ],
            [
              -117.9180895,
              33.8100952
            ],
            [
              -117.9180926,
              33.8104195
            ],
            [
              -117.9181071,
              33.8104196
            ],
            [
              -117.9181082,
              33.8104822
            ],
            [
              -117.9184607,
              33.810488
            ],
            [
              -117.9184607,
              33.8104924
            ],
            [
              -117.9184609,
              33.8105109
            ],
            [
              -117.9184618,
              33.8105332
            ],
            [
              -117.9184619,
              33.8105436
            ],
            [
              -117.9184621,
              33.8105524
            ],
            [
              -117.9183562,
              33.8105541
            ],
            [
              -117.9183586,
              33.8106585
            ],
            [
              -117.9183936,
              33.8106579
            ],
            [
              -117.918393,
              33.8106305
            ],
            [
              -117.9183923,
              33.8105808
            ],
            [
              -117.9184301,
              33.8105805
            ],
            [
              -117.9184307,
              33.8106289
            ],
            [
              -117.9184676,
              33.8106278
            ],
            [
              -117.9185056,
              33.8106282
            ],
            [
              -117.918548,
              33.8106287
            ],
            [
              -117.9185461,
              33.810758
            ],
            [
              -117.9184657,
              33.8107572
            ],
            [
              -117.9183784,
              33.810756
            ],
            [
              -117.9183781,
              33.8107669
            ],
            [
              -117.9183787,
              33.8108023
            ],
            [
              -117.9183806,
              33.8110071
            ],
            [
              -117.9184598,
              33.8110699
            ],
            [
              -117.9184132,
              33.8110874
            ],
            [
              -117.9183272,
              33.8111196
            ],
            [
              -117.9183591,
              33.8111783
            ],
            [
              -117.918312,
              33.811196
            ],
            [
              -117.9183945,
              33.811348
            ],
            [
              -117.9184276,
              33.8113356
            ],
            [
              -117.9184296,
              33.8113512
            ],
            [
              -117.9184425,
              33.8113676
            ],
            [
              -117.9184462,
              33.8113787
            ],
            [
              -117.9184479,
              33.8113888
            ],
            [
              -117.918435,
              33.8114086
            ],
            [
              -117.9184106,
              33.811399
            ],
            [
              -117.9183953,
              33.8114205
            ],
            [
              -117.9182149,
              33.8113317
            ],
            [
              -117.9181558,
              33.8114145
            ],
            [
              -117.9181089,
              33.8114734
            ],
            [
              -117.9180892,
              33.8114632
            ],
            [
              -117.9180215,
              33.811559
            ],
            [
              -117.9181277,
              33.811611
            ],
            [
              -117.9180298,
              33.8117396
            ],
            [
              -117.918076,
              33.8117627
            ],
            [
              -117.9180651,
              33.8117777
            ],
            [
              -117.9180942,
              33.8118003
            ],
            [
              -117.9180888,
              33.8118045
            ],
            [
              -117.9180851,
              33.8118074
            ],
            [
              -117.9180738,
              33.8118145
            ],
            [
              -117.9180919,
              33.8118311
            ],
            [
              -117.918109,
              33.8118468
            ],
            [
              -117.9181734,
              33.8119058
            ],
            [
              -117.9181806,
              33.8119053
            ],
            [
              -117.9181875,
              33.8119049
            ],
            [
              -117.9182,
              33.8119043
            ],
            [
              -117.9182153,
              33.8119074
            ],
            [
              -117.9182343,
              33.8119165
            ],
            [
              -117.9182484,
              33.8119287
            ],
            [
              -117.9182556,
              33.8119448
            ],
            [
              -117.9182755,
              33.8119524
            ],
            [
              -117.9182962,
              33.8119601
            ],
            [
              -117.9183316,
              33.8119705
            ],
            [
              -117.9183488,
              33.8119729
            ],
            [
              -117.9183705,
              33.811973
            ],
            [
              -117.9183813,
              33.811972
            ],
            [
              -117.918414,
              33.8119723
            ],
            [
              -117.9184389,
              33.8119744
            ],
            [
              -117.9184552,
              33.8119762
            ],
            [
              -117.9184855,
              33.8119673
            ],
            [
              -117.9185107,
              33.8119644
            ],
            [
              -117.9185409,
              33.8119686
            ],
            [
              -117.9185466,
              33.8119694
            ],
            [
              -117.9185749,
              33.8119786
            ],
            [
              -117.9185885,
              33.8119899
            ],
            [
              -117.9185929,
              33.8120073
            ],
            [
              -117.9185893,
              33.8120216
            ],
            [
              -117.9185811,
              33.8120334
            ],
            [
              -117.9185808,
              33.8120561
            ],
            [
              -117.9185804,
              33.8120776
            ],
            [
              -117.9185839,
              33.8120975
            ],
            [
              -117.9185857,
              33.812107
            ],
            [
              -117.9185888,
              33.8121286
            ],
            [
              -117.9185945,
              33.8121525
            ],
            [
              -117.9186026,
              33.8121758
            ],
            [
              -117.9186108,
              33.8121939
            ],
            [
              -117.9186145,
              33.8121994
            ],
            [
              -117.9186176,
              33.812205
            ],
            [
              -117.9186199,
              33.8122117
            ],
            [
              -117.9186203,
              33.8122183
            ],
            [
              -117.9186194,
              33.8122216
            ],
            [
              -117.9186157,
              33.8122261
            ],
            [
              -117.9186106,
              33.8122302
            ],
            [
              -117.9186279,
              33.8122566
            ],
            [
              -117.9186381,
              33.8122512
            ],
            [
              -117.9186413,
              33.8122504
            ],
            [
              -117.9186438,
              33.8122517
            ],
            [
              -117.9186456,
              33.8122551
            ],
            [
              -117.9186646,
              33.8122815
            ],
            [
              -117.9186861,
              33.8123052
            ],
            [
              -117.9186973,
              33.8123139
            ],
            [
              -117.9187142,
              33.8123221
            ],
            [
              -117.9187286,
              33.8123312
            ],
            [
              -117.9187423,
              33.8123398
            ],
            [
              -117.9187727,
              33.8123503
            ],
            [
              -117.9188122,
              33.8123655
            ],
            [
              -117.9188283,
              33.8123716
            ],
            [
              -117.9188575,
              33.8123808
            ],
            [
              -117.9188711,
              33.8123835
            ],
            [
              -117.9188864,
              33.8123858
            ],
            [
              -117.9189118,
              33.8123902
            ],
            [
              -117.9189502,
              33.812394
            ],
            [
              -117.9189598,
              33.8123945
            ],
            [
              -117.9189662,
              33.8123942
            ],
            [
              -117.9189966,
              33.8123918
            ],
            [
              -117.9190327,
              33.8123865
            ],
            [
              -117.9190468,
              33.8123847
            ],
            [
              -117.9190898,
              33.8123742
            ],
            [
              -117.9191236,
              33.8123598
            ],
            [
              -117.9191354,
              33.8123646
            ],
            [
              -117.9191438,
              33.8123611
            ],
            [
              -117.9191613,
              33.8123539
            ],
            [
              -117.9191834,
              33.8123652
            ],
            [
              -117.9191987,
              33.8123756
            ],
            [
              -117.9192079,
              33.8123664
            ],
            [
              -117.9192207,
              33.8123537
            ],
            [
              -117.9192549,
              33.812382
            ],
            [
              -117.9192677,
              33.8123628
            ],
            [
              -117.9193079,
              33.8123029
            ],
            [
              -117.9193162,
              33.8122937
            ],
            [
              -117.9193289,
              33.8122865
            ],
            [
              -117.9193439,
              33.8122842
            ],
            [
              -117.9193584,
              33.8122874
            ],
            [
              -117.9193756,
              33.8122929
            ],
            [
              -117.9193959,
              33.8122949
            ],
            [
              -117.9194081,
              33.8122934
            ],
            [
              -117.9194187,
              33.812289
            ],
            [
              -117.9194243,
              33.8122837
            ],
            [
              -117.9194267,
              33.8122787
            ],
            [
              -117.9194262,
              33.8122725
            ],
            [
              -117.9194226,
              33.8122628
            ],
            [
              -117.9194205,
              33.812253
            ],
            [
              -117.9194236,
              33.8122426
            ],
            [
              -117.9194318,
              33.8122317
            ],
            [
              -117.919444,
              33.8122216
            ],
            [
              -117.9194569,
              33.8122135
            ],
            [
              -117.9194743,
              33.8122061
            ],
            [
              -117.9194863,
              33.8122017
            ],
            [
              -117.9195023,
              33.812193
            ],
            [
              -117.9195089,
              33.8121844
            ],
            [
              -117.9195117,
              33.8121756
            ],
            [
              -117.9195101,
              33.8121684
            ],
            [
              -117.9195058,
              33.8121611
            ],
            [
              -117.9194965,
              33.8121576
            ],
            [
              -117.9194935,
              33.8121534
            ],
            [
              -117.9194876,
              33.8121495
            ],
            [
              -117.919484,
              33.8121397
            ],
            [
              -117.9194899,
              33.8121316
            ],
            [
              -117.9194964,
              33.8121243
            ],
            [
              -117.9194957,
              33.8120981
            ],
            [
              -117.9194962,
              33.8120714
            ],
            [
              -117.9195018,
              33.8120655
            ],
            [
              -117.9195042,
              33.8120477
            ],
            [
              -117.9195102,
              33.812031
            ],
            [
              -117.9195135,
              33.812026
            ],
            [
              -117.9195222,
              33.8120182
            ],
            [
              -117.9195302,
              33.8120081
            ],
            [
              -117.9195341,
              33.8120018
            ],
            [
              -117.9195511,
              33.8119866
            ],
            [
              -117.9195612,
              33.8119727
            ],
            [
              -117.9195674,
              33.8119674
            ],
            [
              -117.9195766,
              33.8119621
            ],
            [
              -117.9196003,
              33.8119575
            ],
            [
              -117.9196157,
              33.8119532
            ],
            [
              -117.9196346,
              33.8119463
            ],
            [
              -117.919639,
              33.8119441
            ],
            [
              -117.9196499,
              33.8119386
            ],
            [
              -117.91966,
              33.8119272
            ],
            [
              -117.91967,
              33.8119106
            ],
            [
              -117.9196709,
              33.8118941
            ],
            [
              -117.9196622,
              33.8118956
            ],
            [
              -117.9196465,
              33.8118983
            ],
            [
              -117.91964,
              33.8118995
            ],
            [
              -117.919636,
              33.8119002
            ],
            [
              -117.9196304,
              33.8119012
            ],
            [
              -117.9196241,
              33.8119023
            ],
            [
              -117.9195189,
              33.8119207
            ],
            [
              -117.9195022,
              33.8118786
            ],
            [
              -117.9194936,
              33.8118535
            ],
            [
              -117.919479,
              33.8118419
            ],
            [
              -117.9194786,
              33.8118317
            ],
            [
              -117.9194781,
              33.8118177
            ],
            [
              -117.9194765,
              33.8117744
            ],
            [
              -117.9194758,
              33.8117602
            ],
            [
              -117.9194822,
              33.8117599
            ]
          ]
        ]
      }
    },
    {
      "type": "Feature",
      "properties": {
        "name": "Mickey's Toontown",
        "park": "disneyland",
        "bufferMeters": 60,
        "source": "lands.json (import_osm_lands.py); regenerate or hand-edit freely"
      },
      "geometry": {
        "type": "Polygon",
        "coordinates": [
          [
            [
              -117.9181556,
              33.8156625
            ],
            [
              -117.9177963,
              33.8156648
            ],
            [
              -117.9177999,
              33.8153848
            ],
            [
              -117.9177985,
              33.8151247
            ],
            [
              -117.9178792,
              33.8150465
            ],
            [
              -117.9179156,
              33.8150083
            ],
            [
              -117.9178767,
              33.8149853
            ],
            [
              -117.9179083,
              33.8149514
            ],
            [
              -117.9179261,
              33.8149623
            ],
            [
              -117.917965,
              33.8148971
            ],
            [
              -117.9180119,
              33.8148626
            ],
            [
              -117.9180817,
              33.8148548
            ],
            [
              -117.9181088,
              33.8148365
            ],
            [
              -117.9181118,
              33.8148254
            ],
            [
              -117.9181189,
              33.8147993
            ],
            [
              -117.9181487,
              33.8147904
            ],
            [
              -117.9181555,
              33.8147672
            ],
            [
              -117.9181591,
              33.8147552
            ],
            [
              -117.9181608,
              33.8147494
            ],
            [
              -117.9181646,
              33.8147374
            ],
            [
              -117.9181983,
              33.8147447
            ],
            [
              -117.9182186,
              33.8147493
            ],
            [
              -117.9182345,
              33.8147502
            ],
            [
              -117.9182822,
              33.8147527
            ],
            [
              -117.918316,
              33.814758
            ],
            [
              -117.9183367,
              33.8147584
            ],
            [
              -117.9183474,
              33.8147515
            ],
            [
              -117.9183323,
              33.8146948
            ],
            [
              -117.9183226,
              33.8146599
            ],
            [
              -117.918321,
              33.8146426
            ],
            [
              -117.9183289,
              33.814631
            ],
            [
              -117.9183569,
              33.8146011
            ],
            [
              -117.9183929,
              33.8145652
            ],
            [
              -117.918434,
              33.8145607
            ],
            [
              -117.9184581,
              33.8145708
            ],
            [
              -117.9185279,
              33.814602
            ],
            [
              -117.9185748,
              33.8146577
            ],
            [
              -117.9186325,
              33.8146933
            ],
            [
              -117.9186942,
              33.8147178
            ],
            [
              -117.9187147,
              33.8147229
            ],
            [
              -117.9187371,
              33.8147284
            ],
            [
              -117.9187718,
              33.8147401
            ],
            [
              -117.9187893,
              33.814753
            ],
            [
              -117.9188021,
              33.814761
            ],
            [
              -117.9188112,
              33.8147725
            ],
            [
              -117.9188268,
              33.8147978
            ],
            [
              -117.9188369,
              33.814806
            ],
            [
              -117.9188481,
              33.8148109
            ],
            [
              -117.9188602,
              33.8148115
            ],
            [
              -117.9188807,
              33.8148073
            ],
            [
              -117.9188882,
              33.8148315
            ],
            [
              -117.9188981,
              33.8148621
            ],
            [
              -117.9188981,
              33.8148633
            ],
            [
              -117.9188872,
              33.8148616
            ],
            [
              -117.9188714,
              33.8148582
            ],
            [
              -117.9188544,
              33.8148575
            ],
            [
              -117.9188507,
              33.8148834
            ],
            [
              -117.9189418,
              33.8148905
            ],
            [
              -117.9190102,
              33.8148972
            ],
            [
              -117.9190789,
              33.8149011
            ],
            [
              -117.9191641,
              33.8149045
            ],
            [
              -117.9192298,
              33.8149046
            ],
            [
              -117.9193336,
              33.8148978
            ],
            [
              -117.9194249,
              33.8148761
            ],
            [
              -117.9194313,
              33.8149071
            ],
            [
              -117.9194388,
              33.8149366
            ],
            [
              -117.9196213,
              33.8148817
            ],
            [
              -117.9196212,
              33.8151264
            ],
            [
              -117.9196254,
              33.815292
            ],
            [
              -117.9196054,
              33.8153027
            ],
            [
              -117.9195857,
              33.8153132
            ],
            [
              -117.919585,
              33.8153315
            ],
            [
              -117.9195843,
              33.8153482
            ],
            [
              -117.9196187,
              33.8153633
            ],
            [
              -117.9196197,
              33.8153741
            ],
            [
              -117.9196376,
              33.8153755
            ],
            [
              -117.9196571,
              33.8153762
            ],
            [
              -117.9196566,
              33.8154722
            ],
            [
              -117.9196278,
              33.8154721
            ],
            [
              -117.919627,
              33.8156659
            ],
            [
              -117.91962,
              33.8156659
            ],
            [
              -117.9193657,
              33.8156652
            ],
            [
              -117.9192141,
              33.8156663
            ],
            [
              -117.919134,
              33.8156662
            ],
            [
              -117.9190252,
              33.8156663
            ],
            [
              -117.9190253,
              33.81565
            ],
            [
              -117.919008,
              33.8156443
            ],
            [
              -117.9189589,
              33.8156432
            ],
            [
              -117.9189587,
              33.8156372
            ],
            [
              -117.9189337,
              33.8156364
            ],
            [
              -117.9189337,
              33.8156197
            ],
            [
              -117.9189186,
              33.8156199
            ],
            [
              -117.9189007,
              33.8156198
            ],
            [
              -117.9188841,
              33.8156198
            ],
            [
              -117.9188622,
              33.8156197
            ],
            [
              -117.9188387,
              33.8156199
            ],
            [
              -117.9188084,
              33.81562
            ],
            [
              -117.9188086,
              33.8155974
            ],
            [
              -117.918763,
              33.8155969
            ],
            [
              -117.9187625,
              33.8156115
            ],
            [
              -117.918754,
              33.8156116
            ],
            [
              -117.9187537,
              33.8156181
            ],
            [
              -117.9186693,
              33.8156175
            ],
            [
              -117.9186705,
              33.8156362
            ],
            [
              -117.9187148,
              33.8156366
            ],
            [
              -117.9187144,
              33.8156672
            ],
            [
              -117.9187004,
              33.815667
            ],
            [
              -117.9186998,
              33.8157108
            ],
            [
              -117.9186709,
              33.8157101
            ],
            [
              -117.9186711,
              33.8157323
            ],
            [
              -117.919642,
              33.8157314
            ],
            [
              -117.919642,
              33.8157358
            ],
            [
              -117.9196715,
              33.8157358
            ],
            [
              -117.9196707,
              33.8158348
            ],
            [
              -117.9196444,
              33.8158356
            ],
            [
              -117.9196444,
              33.8158505
            ],
            [
              -117.9196448,
              33.8160586
            ],
            [
              -117.919644,
              33.8161589
            ],
            [
              -117.9177952,
              33.816161
            ],
            [
              -117.917795,
              33.8160626
            ],
            [
              -117.9178349,
              33.8160625
            ],
            [
              -117.917834,
              33.8157337
            ],
            [
              -117.9181846,
              33.8157333
            ],
            [
              -117.9181862,
              33.815663
            ],
            [
              -117.9181556,
              33.8156625
            ]
          ]
        ]
      }
    },
    {
      "type": "Feature",
      "properties": {
        "name": "New Orleans Square",
        "park": "disneyland",
        "bufferMeters": 60,
        "source": "lands.json (import_osm_lands.py); regenerate or hand-edit freely"
      },
      "geometry": {
        "type": "Polygon",
        "coordinates": [
          [
            [
              -117.9218976,
              33.8108613
            ],
            [
              -117.9221098,
              33.8107303
            ],
            [
              -117.922158,
              33.8107011
            ],
            [
              -117.9221649,
              33.810697
            ],
            [
              -117.9222161,
              33.8106656
            ],
            [
              -117.9223552,
              33.8105799
            ],
            [
              -117.9222674,
              33.8104846
            ],
            [
              -117.922291,
              33.8104686
            ],
            [
              -117.922246,
              33.8104239
            ],
            [
              -117.9219474,
              33.8103433
            ],
            [
              -117.9219256,
              33.8103375
            ],
            [
              -117.9216929,
              33.8102754
            ],
            [
              -117.9215873,
              33.8102853
            ],
            [
              -117.9214663,
              33.8103583
            ],
            [
              -117.9214035,
              33.8105119
            ],
            [
              -117.9213685,
              33.8105957
            ],
            [
              -117.9213147,
              33.8106288
            ],
            [
              -117.9210653,
              33.8106554
            ],
            [
              -117.9209808,
              33.8106635
            ],
            [
              -117.9209581,
              33.8106659
            ],
            [
              -117.9209184,
              33.8107308
            ],
            [
              -117.9207457,
              33.8110395
            ],
            [
              -117.9207172,
              33.81103
            ],
            [
              -117.9207036,
              33.8110257
            ],
            [
              -117.9206868,
              33.81102
            ],
            [
              -117.9206777,
              33.81104
            ],
            [
              -117.9206669,
              33.8110636
            ],
            [
              -117.9206519,
              33.8110926
            ],
            [
              -117.9206425,
              33.8111111
            ],
            [
              -117.9206431,
              33.8111455
            ],
            [
              -117.9206514,
              33.8111449
            ],
            [
              -117.9206565,
              33.8111441
            ],
            [
              -117.9206616,
              33.8111452
            ],
            [
              -117.9206649,
              33.8111529
            ],
            [
              -117.9206715,
              33.8112102
            ],
            [
              -117.9206726,
              33.8112195
            ],
            [
              -117.920671,
              33.8112257
            ],
            [
              -117.9206669,
              33.811227
            ],
            [
              -117.92067,
              33.8112512
            ],
            [
              -117.9206777,
              33.8112582
            ],
            [
              -117.9206826,
              33.8112676
            ],
            [
              -117.9206791,
              33.8112814
            ],
            [
              -117.920674,
              33.8112982
            ],
            [
              -117.9206652,
              33.8113096
            ],
            [
              -117.920646,
              33.8113179
            ],
            [
              -117.9206394,
              33.8113208
            ],
            [
              -117.9206383,
              33.8113333
            ],
            [
              -117.9206394,
              33.8113499
            ],
            [
              -117.9205776,
              33.8114122
            ],
            [
              -117.9205594,
              33.8114424
            ],
            [
              -117.9205976,
              33.8114485
            ],
            [
              -117.9206185,
              33.8114532
            ],
            [
              -117.9206295,
              33.8114556
            ],
            [
              -117.9206477,
              33.8114664
            ],
            [
              -117.9206681,
              33.8114838
            ],
            [
              -117.9206786,
              33.8114927
            ],
            [
              -117.9206889,
              33.8115036
            ],
            [
              -117.9206986,
              33.8115138
            ],
            [
              -117.9207035,
              33.8115275
            ],
            [
              -117.9207104,
              33.8115467
            ],
            [
              -117.9207087,
              33.8115607
            ],
            [
              -117.9206911,
              33.811596
            ],
            [
              -117.9209396,
              33.8115228
            ],
            [
              -117.9209679,
              33.8115097
            ],
            [
              -117.9209881,
              33.8115041
            ],
            [
              -117.9210133,
              33.8114988
            ],
            [
              -117.9210244,
              33.8114969
            ],
            [
              -117.9210749,
              33.8114867
            ],
            [
              -117.9211201,
              33.8114834
            ],
            [
              -117.9211676,
              33.8114827
            ],
            [
              -117.9212067,
              33.8114831
            ],
            [
              -117.9212597,
              33.8114861
            ],
            [
              -117.9212747,
              33.8114877
            ],
            [
              -117.9212869,
              33.8114889
            ],
            [
              -117.9213075,
              33.8114911
            ],
            [
              -117.9213247,
              33.8114935
            ],
            [
              -117.9213432,
              33.8114975
            ],
            [
              -117.9213907,
              33.8115101
            ],
            [
              -117.9214296,
              33.8115235
            ],
            [
              -117.9214682,
              33.8115393
            ],
            [
              -117.9214909,
              33.8115513
            ],
            [
              -117.9215299,
              33.8115744
            ],
            [
              -117.921557,
              33.8115956
            ],
            [
              -117.9215815,
              33.8116129
            ],
            [
              -117.921613,
              33.8116385
            ],
            [
              -117.9216158,
              33.8116364
            ],
            [
              -117.9216437,
              33.8116616
            ],
            [
              -117.9216741,
              33.811693
            ],
            [
              -117.9217006,
              33.8117206
            ],
            [
              -117.9217254,
              33.8117543
            ],
            [
              -117.9217656,
              33.811809
            ],
            [
              -117.9218046,
              33.8118358
            ],
            [
              -117.9217984,
              33.8118448
            ],
            [
              -117.9217659,
              33.8118607
            ],
            [
              -117.9217409,
              33.8118756
            ],
            [
              -117.9217311,
              33.8118822
            ],
            [
              -117.921721,
              33.8118888
            ],
            [
              -117.9217094,
              33.8119008
            ],
            [
              -117.9217008,
              33.8119069
            ],
            [
              -117.9216956,
              33.8119106
            ],
            [
              -117.921617,
              33.8119868
            ],
            [
              -117.9217559,
              33.8120859
            ],
            [
              -117.9218126,
              33.8121256
            ],
            [
              -117.9217797,
              33.8121574
            ],
            [
              -117.9217612,
              33.812183
            ],
            [
              -117.9217826,
              33.812211
            ],
            [
              -117.9217926,
              33.8122241
            ],
            [
              -117.9218175,
              33.8122101
            ],
            [
              -117.9218331,
              33.8122012
            ],
            [
              -117.921859,
              33.8121948
            ],
            [
              -117.9218685,
              33.8121922
            ],
            [
              -117.9218766,
              33.8121899
            ],
            [
              -117.9218928,
              33.8121911
            ],
            [
              -117.9219063,
              33.8121945
            ],
            [
              -117.9219152,
              33.8121936
            ],
            [
              -117.9220057,
              33.8121592
            ],
            [
              -117.9220184,
              33.8121454
            ],
            [
              -117.9220203,
              33.8121337
            ],
            [
              -117.9220302,
              33.8120726
            ],
            [
              -117.9220316,
              33.8120638
            ],
            [
              -117.9220343,
              33.8120473
            ],
            [
              -117.9220373,
              33.8120288
            ],
            [
              -117.922049,
              33.8120275
            ],
            [
              -117.9220924,
              33.8120226
            ],
            [
              -117.9221362,
              33.8120177
            ],
            [
              -117.9221669,
              33.8120102
            ],
            [
              -117.9221844,
              33.8120013
            ],
            [
              -117.9221875,
              33.8119997
            ],
            [
              -117.9222011,
              33.8119915
            ],
            [
              -117.9222942,
              33.8119651
            ],
            [
              -117.9222581,
              33.8119214
            ],
            [
              -117.9223136,
              33.8118979
            ],
            [
              -117.922278,
              33.8118622
            ],
            [
              -117.9222974,
              33.8118522
            ],
            [
              -117.9224003,
              33.8117967
            ],
            [
              -117.9224129,
              33.8118138
            ],
            [
              -117.9224987,
              33.8117926
            ],
            [
              -117.9225284,
              33.8117819
            ],
            [
              -117.9227419,
              33.8118693
            ],
            [
              -117.923068,
              33.8116932
            ],
            [
              -117.9225983,
              33.8111114
            ],
            [
              -117.9222925,
              33.8112785
            ],
            [
              -117.9222863,
              33.8112466
            ],
            [
              -117.9223591,
              33.8112066
            ],
            [
              -117.9222978,
              33.8111296
            ],
            [
              -117.922356,
              33.811096
            ],
            [
              -117.9223335,
              33.8110694
            ],
            [
              -117.9222903,
              33.8110174
            ],
            [
              -117.9222531,
              33.8109763
            ],
            [
              -117.9222182,
              33.8109315
            ],
            [
              -117.922207,
              33.8109171
            ],
            [
              -117.9221676,
              33.8109384
            ],
            [
              -117.9221064,
              33.8108601
            ],
            [
              -117.92206,
              33.8108804
            ],
            [
              -117.9220535,
              33.8108742
            ],
            [
              -117.9219669,
              33.8109303
            ],
            [
              -117.9219208,
              33.8108863
            ],
            [
              -117.9218976,
              33.8108613
            ]
          ]
        ]
      }
    },
    {
      "type": "Feature",
      "properties": {
        "name": "Star Wars: Galaxy\u2019s Edge",
        "park": "disneyland",
        "bufferMeters": 60,
        "source": "lands.json (import_osm_lands.py); regenerate or hand-edit freely"
      },
      "geometry": {
        "type": "Polygon",
        "coordinates": [
          [
            [
              -117.9236748,
              33.813414
            ],
            [
              -117.9236758,
              33.8135444
            ],
            [
              -117.9236878,
              33.8140988
            ],
            [
              -117.9235584,
              33.814103
            ],
            [
              -117.9235241,
              33.8141102
            ],
            [
              -117.9233618,
              33.814144
            ],
            [
              -117.9233726,
              33.8141768
            ],
            [
              -117.9234513,
              33.814161
            ],
            [
              -117.9234751,
              33.8141621
            ],
            [
              -117.9234692,
              33.8141869
            ],
            [
              -117.9233935,
              33.8142333
            ],
            [
              -117.923413,
              33.8142797
            ],
            [
              -117.9232389,
              33.8143711
            ],
            [
              -117.9234305,
              33.81464
            ],
            [
              -117.922281,
              33.8152136
            ],
            [
              -117.9221168,
              33.8149806
            ],
            [
              -117.9220754,
              33.8149231
            ],
            [
              -117.9219633,
              33.81477
            ],
            [
              -117.9219256,
              33.8147874
            ],
            [
              -117.9218907,
              33.8147394
            ],
            [
              -117.9218895,
              33.8147215
            ],
            [
              -117.9218941,
              33.8147041
            ],
            [
              -117.9219088,
              33.8146924
            ],
            [
              -117.9221038,
              33.8145982
            ],
            [
              -117.9221037,
              33.8145729
            ],
            [
              -117.9222023,
              33.8145155
            ],
            [
              -117.9222355,
              33.8144676
            ],
            [
              -117.9223229,
              33.8144201
            ],
            [
              -117.9223354,
              33.8143843
            ],
            [
              -117.9223353,
              33.8143625
            ],
            [
              -117.9223147,
              33.8143751
            ],
            [
              -117.9222562,
              33.8143964
            ],
            [
              -117.9221823,
              33.814395
            ],
            [
              -117.9221528,
              33.8143944
            ],
            [
              -117.922038,
              33.8143908
            ],
            [
              -117.9221117,
              33.8144934
            ],
            [
              -117.9219993,
              33.8145486
            ],
            [
              -117.9220141,
              33.8145693
            ],
            [
              -117.9219303,
              33.8146105
            ],
            [
              -117.9219055,
              33.8145756
            ],
            [
              -117.9217363,
              33.8146587
            ],
            [
              -117.9217032,
              33.8146816
            ],
            [
              -117.9217536,
              33.8147538
            ],
            [
              -117.9217586,
              33.8147609
            ],
            [
              -117.9221343,
              33.8153119
            ],
            [
              -117.9217653,
              33.8154941
            ],
            [
              -117.9215907,
              33.8154963
            ],
            [
              -117.9215916,
              33.8155214
            ],
            [
              -117.9215154,
              33.8155221
            ],
            [
              -117.9215174,
              33.8156502
            ],
            [
              -117.9207858,
              33.8156577
            ],
            [
              -117.9207847,
              33.8156533
            ],
            [
              -117.9206361,
              33.8156538
            ],
            [
              -117.920634,
              33.8155831
            ],
            [
              -117.9206267,
              33.8155831
            ],
            [
              -117.920622,
              33.8152808
            ],
            [
              -117.9207718,
              33.8152795
            ],
            [
              -117.9207705,
              33.815251
            ],
            [
              -117.9207236,
              33.8152525
            ],
            [
              -117.9207216,
              33.815179
            ],
            [
              -117.9207705,
              33.8151788
            ],
            [
              -117.9207713,
              33.8151715
            ],
            [
              -117.9207961,
              33.8151508
            ],
            [
              -117.9207426,
              33.8151109
            ],
            [
              -117.920695,
              33.815071
            ],
            [
              -117.9208623,
              33.8149254
            ],
            [
              -117.9205818,
              33.8147144
            ],
            [
              -117.9206119,
              33.8146849
            ],
            [
              -117.9206226,
              33.8146725
            ],
            [
              -117.9206377,
              33.8146636
            ],
            [
              -117.920644,
              33.8146622
            ],
            [
              -117.9206415,
              33.8146609
            ],
            [
              -117.920638,
              33.8146585
            ],
            [
              -117.9206354,
              33.8146557
            ],
            [
              -117.9206328,
              33.8146531
            ],
            [
              -117.9206307,
              33.8146503
            ],
            [
              -117.9206262,
              33.8146444
            ],
            [
              -117.920567,
              33.8145987
            ],
            [
              -117.9205635,
              33.8145994
            ],
            [
              -117.9205592,
              33.8145993
            ],
            [
              -117.9205567,
              33.8145984
            ],
            [
              -117.9205544,
              33.814597
            ],
            [
              -117.9204911,
              33.8146499
            ],
            [
              -117.9204858,
              33.8146543
            ],
            [
              -117.9204685,
              33.8146702
            ],
            [
              -117.920441,
              33.8146469
            ],
            [
              -117.9204476,
              33.8146415
            ],
            [
              -117.9204203,
              33.8146182
            ],
            [
              -117.9203872,
              33.8145864
            ],
            [
              -117.9203882,
              33.8145917
            ],
            [
              -117.9203877,
              33.8145961
            ],
            [
              -117.9203856,
              33.814601
            ],
            [
              -117.9203818,
              33.8146052
            ],
            [
              -117.9203762,
              33.8146088
            ],
            [
              -117.9203701,
              33.8146106
            ],
            [
              -117.9203657,
              33.814611
            ],
            [
              -117.9203612,
              33.8146106
            ],
            [
              -117.9203571,
              33.8146096
            ],
            [
              -117.9203532,
              33.8146079
            ],
            [
              -117.9203488,
              33.8146048
            ],
            [
              -117.9203455,
              33.8146008
            ],
            [
              -117.9202652,
              33.8145365
            ],
            [
              -117.9203282,
              33.8144827
            ],
            [
              -117.9203167,
              33.8144814
            ],
            [
              -117.9202997,
              33.8144794
            ],
            [
              -117.9202321,
              33.8145402
            ],
            [
              -117.9201668,
              33.814457
            ],
            [
              -117.9202136,
              33.8142969
            ],
            [
              -117.9202043,
              33.8142293
            ],
            [
              -117.9202659,
              33.8141678
            ],
            [
              -117.9203049,
              33.8141581
            ],
            [
              -117.9203021,
              33.8141433
            ],
            [
              -117.9203276,
              33.8140857
            ],
            [
              -117.9202186,
              33.8140381
            ],
            [
              -117.9202328,
              33.8140047
            ],
            [
              -117.9202499,
              33.8139615
            ],
            [
              -117.9203582,
              33.8140016
            ],
            [
              -117.9203639,
              33.8139606
            ],
            [
              -117.9204561,
              33.8139396
            ],
            [
              -117.9205162,
              33.8139198
            ],
            [
              -117.9206086,
              33.8138797
            ],
            [
              -117.920793,
              33.8138519
            ],
            [
              -117.9209389,
              33.8138792
            ],
            [
              -117.9209469,
              33.8138064
            ],
            [
              -117.9210006,
              33.8138046
            ],
            [
              -117.9210606,
              33.8138069
            ],
            [
              -117.9210645,
              33.8138843
            ],
            [
              -117.9211175,
              33.8138902
            ],
            [
              -117.9210843,
              33.8139545
            ],
            [
              -117.9211625,
              33.8139804
            ],
            [
              -117.9211426,
              33.81401
            ],
            [
              -117.9211403,
              33.8140263
            ],
            [
              -117.9213426,
              33.8140566
            ],
            [
              -117.921379,
              33.8140617
            ],
            [
              -117.9213807,
              33.8140537
            ],
            [
              -117.9214321,
              33.8140612
            ],
            [
              -117.9214344,
              33.8140505
            ],
            [
              -117.9214755,
              33.8140559
            ],
            [
              -117.9214913,
              33.8140209
            ],
            [
              -117.9215953,
              33.8140592
            ],
            [
              -117.9217364,
              33.8141087
            ],
            [
              -117.9217549,
              33.8140787
            ],
            [
              -117.9217777,
              33.8140408
            ],
            [
              -117.9218936,
              33.8140835
            ],
            [
              -117.9219043,
              33.8140616
            ],
            [
              -117.9219358,
              33.8139926
            ],
            [
              -117.9219648,
              33.813996
            ],
            [
              -117.9220079,
              33.8139971
            ],
            [
              -117.9220507,
              33.8139593
            ],
            [
              -117.9221137,
              33.8139259
            ],
            [
              -117.9221392,
              33.8139292
            ],
            [
              -117.9221768,
              33.813927
            ],
            [
              -117.9222159,
              33.8139149
            ],
            [
              -117.9222499,
              33.8138924
            ],
            [
              -117.9222935,
              33.8138757
            ],
            [
              -117.9223445,
              33.8138634
            ],
            [
              -117.9223888,
              33.8138311
            ],
            [
              -117.9224235,
              33.81381
            ],
            [
              -117.9224545,
              33.8138066
            ],
            [
              -117.9225162,
              33.813775
            ],
            [
              -117.9225296,
              33.8137698
            ],
            [
              -117.9225471,
              33.8137698
            ],
            [
              -117.9225752,
              33.8137642
            ],
            [
              -117.9225926,
              33.8137509
            ],
            [
              -117.9226289,
              33.8137052
            ],
            [
              -117.9226481,
              33.8136756
            ],
            [
              -117.9226859,
              33.8136439
            ],
            [
              -117.9227474,
              33.8135774
            ],
            [
              -117.9227764,
              33.8135715
            ],
            [
              -117.9228023,
              33.8135517
            ],
            [
              -117.9228086,
              33.813538
            ],
            [
              -117.9228019,
              33.8135057
            ],
            [
              -117.922826,
              33.8134845
            ],
            [
              -117.9228488,
              33.8134355
            ],
            [
              -117.9228488,
              33.8134088
            ],
            [
              -117.9228732,
              33.8133803
            ],
            [
              -117.9229076,
              33.813381
            ],
            [
              -117.9229293,
              33.8133675
            ],
            [
              -117.9229218,
              33.8133314
            ],
            [
              -117.9229172,
              33.8133096
            ],
            [
              -117.9229009,
              33.8132484
            ],
            [
              -117.922918,
              33.8131871
            ],
            [
              -117.922933,
              33.8131672
            ],
            [
              -117.9229535,
              33.8131438
            ],
            [
              -117.9229779,
              33.813122
            ],
            [
              -117.9229977,
              33.8130885
            ],
            [
              -117.9230168,
              33.8130559
            ],
            [
              -117.9230741,
              33.8130659
            ],
            [
              -117.9231172,
              33.813086
            ],
            [
              -117.9232779,
              33.8131355
            ],
            [
              -117.9234475,
              33.8130891
            ],
            [
              -117.9234677,
              33.813108
            ],
            [
              -117.9234785,
              33.813128
            ],
            [
              -117.9235053,
              33.8131592
            ],
            [
              -117.9235214,
              33.8131719
            ],
            [
              -117.9235294,
              33.8131882
            ],
            [
              -117.9235661,
              33.8132372
            ],
            [
              -117.9236072,
              33.8132885
            ],
            [
              -117.9236242,
              33.8133241
            ],
            [
              -117.9236635,
              33.813391
            ],
            [
              -117.9236748,
              33.813414
            ]
          ]
        ]
      }
    },
    {
      "type": "Feature",
      "properties": {
        "name": "Tomorrowland",
        "park": "disneyland",
        "bufferMeters": 60,
        "source": "lands.json (import_osm_lands.py); regenerate or hand-edit freely"
      },
      "geometry": {
        "type": "Polygon",
        "coordinates": [
          [
            [
              -117.9185561,
              33.8122805
            ],
            [
              -117.9185329,
              33.8122895
            ],
            [
              -117.9185143,
              33.8122855
            ],
            [
              -117.9184957,
              33.8122906
            ],
            [
              -117.9184797,
              33.8122913
            ],
            [
              -117.9184684,
              33.8122842
            ],
            [
              -117.9184587,
              33.8122768
            ],
            [
              -117.9184502,
              33.8122686
            ],
            [
              -117.9184395,
              33.8122547
            ],
            [
              -117.9184201,
              33.8122628
            ],
            [
              -117.9184114,
              33.8122665
            ],
            [
              -117.9184054,
              33.812268
            ],
            [
              -117.9183901,
              33.8122718
            ],
            [
              -117.9183846,
              33.8122732
            ],
            [
              -117.9183654,
              33.8122776
            ],
            [
              -117.9183576,
              33.8122794
            ],
            [
              -117.9183327,
              33.8122819
            ],
            [
              -117.9183191,
              33.8122832
            ],
            [
              -117.9183038,
              33.8122856
            ],
            [
              -117.918291,
              33.8122876
            ],
            [
              -117.918285,
              33.8122889
            ],
            [
              -117.9182781,
              33.8122904
            ],
            [
              -117.9182697,
              33.8122945
            ],
            [
              -117.9182613,
              33.8122986
            ],
            [
              -117.9182476,
              33.8123122
            ],
            [
              -117.9182268,
              33.8123574
            ],
            [
              -117.9182208,
              33.8123803
            ],
            [
              -117.9182206,
              33.812383
            ],
            [
              -117.9182197,
              33.8123992
            ],
            [
              -117.9182195,
              33.812403
            ],
            [
              -117.9182196,
              33.8124238
            ],
            [
              -117.9182201,
              33.8124551
            ],
            [
              -117.9181937,
              33.8124528
            ],
            [
              -117.918162,
              33.8124449
            ],
            [
              -117.9181359,
              33.8124387
            ],
            [
              -117.9181443,
              33.8124271
            ],
            [
              -117.9181479,
              33.8124206
            ],
            [
              -117.9181506,
              33.8124138
            ],
            [
              -117.9181529,
              33.8124054
            ],
            [
              -117.9181545,
              33.8123955
            ],
            [
              -117.9181541,
              33.8123838
            ],
            [
              -117.9181546,
              33.8123717
            ],
            [
              -117.9181557,
              33.8123669
            ],
            [
              -117.9181561,
              33.812365
            ],
            [
              -117.9181596,
              33.8122999
            ],
            [
              -117.9179441,
              33.8124919
            ],
            [
              -117.9179456,
              33.8125077
            ],
            [
              -117.9179464,
              33.8125165
            ],
            [
              -117.917947,
              33.8125228
            ],
            [
              -117.9179488,
              33.8125423
            ],
            [
              -117.9179514,
              33.8125706
            ],
            [
              -117.9179528,
              33.8125856
            ],
            [
              -117.9179532,
              33.8125933
            ],
            [
              -117.9179543,
              33.8126018
            ],
            [
              -117.9179556,
              33.8126158
            ],
            [
              -117.9179568,
              33.812639
            ],
            [
              -117.9179578,
              33.8126675
            ],
            [
              -117.9178276,
              33.8126672
            ],
            [
              -117.9177116,
              33.8126669
            ],
            [
              -117.9177006,
              33.8126669
            ],
            [
              -117.9176152,
              33.8126812
            ],
            [
              -117.9175599,
              33.8127206
            ],
            [
              -117.9175344,
              33.8127407
            ],
            [
              -117.9175265,
              33.8127531
            ],
            [
              -117.917521,
              33.8127659
            ],
            [
              -117.9175159,
              33.8127828
            ],
            [
              -117.9175128,
              33.8127977
            ],
            [
              -117.9175075,
              33.8128145
            ],
            [
              -117.9175038,
              33.8128189
            ],
            [
              -117.9174824,
              33.8128313
            ],
            [
              -117.9174684,
              33.8128356
            ],
            [
              -117.9174748,
              33.8128449
            ],
            [
              -117.9174963,
              33.8128872
            ],
            [
              -117.917518,
              33.8129286
            ],
            [
              -117.9175185,
              33.8129754
            ],
            [
              -117.9175092,
              33.812988
            ],
            [
              -117.9174984,
              33.8130265
            ],
            [
              -117.917486,
              33.8130557
            ],
            [
              -117.9174679,
              33.813084
            ],
            [
              -117.9174413,
              33.8131118
            ],
            [
              -117.9173958,
              33.8131428
            ],
            [
              -117.9174078,
              33.8131619
            ],
            [
              -117.9173454,
              33.8131981
            ],
            [
              -117.9173056,
              33.8132074
            ],
            [
              -117.9172525,
              33.81322
            ],
            [
              -117.9172654,
              33.8132493
            ],
            [
              -117.9172797,
              33.8132818
            ],
            [
              -117.9172964,
              33.813293
            ],
            [
              -117.9173186,
              33.8133192
            ],
            [
              -117.9173434,
              33.8133782
            ],
            [
              -117.9173486,
              33.8133969
            ],
            [
              -117.9173535,
              33.8134072
            ],
            [
              -117.9173561,
              33.8134127
            ],
            [
              -117.9173722,
              33.8134539
            ],
            [
              -117.9173779,
              33.8134913
            ],
            [
              -117.9173776,
              33.8135162
            ],
            [
              -117.9173689,
              33.8135441
            ],
            [
              -117.9173689,
              33.8135697
            ],
            [
              -117.9173816,
              33.8135864
            ],
            [
              -117.9173969,
              33.8135971
            ],
            [
              -117.9174221,
              33.8136053
            ],
            [
              -117.9174507,
              33.8136065
            ],
            [
              -117.9174901,
              33.8136985
            ],
            [
              -117.917494,
              33.8137087
            ],
            [
              -117.9174996,
              33.8137249
            ],
            [
              -117.9175066,
              33.8137461
            ],
            [
              -117.9175132,
              33.8137679
            ],
            [
              -117.9175052,
              33.8137805
            ],
            [
              -117.9174472,
              33.813872
            ],
            [
              -117.9174287,
              33.813886
            ],
            [
              -117.9174001,
              33.8139026
            ],
            [
              -117.9173763,
              33.8139115
            ],
            [
              -117.9173434,
              33.8139174
            ],
            [
              -117.917326,
              33.8138927
            ],
            [
              -117.9172465,
              33.8139155
            ],
            [
              -117.9172807,
              33.8139506
            ],
            [
              -117.9173435,
              33.8140084
            ],
            [
              -117.9173759,
              33.8140384
            ],
            [
              -117.917367,
              33.8140459
            ],
            [
              -117.9173589,
              33.8140544
            ],
            [
              -117.9173533,
              33.8140717
            ],
            [
              -117.9173518,
              33.8140892
            ],
            [
              -117.9173528,
              33.8141019
            ],
            [
              -117.91733,
              33.8141153
            ],
            [
              -117.9173179,
              33.814103
            ],
            [
              -117.9172535,
              33.8140908
            ],
            [
              -117.9172342,
              33.8141026
            ],
            [
              -117.9172415,
              33.8141276
            ],
            [
              -117.9172965,
              33.8141409
            ],
            [
              -117.9173331,
              33.814149
            ],
            [
              -117.9173309,
              33.814158
            ],
            [
              -117.9173132,
              33.8141712
            ],
            [
              -117.9172951,
              33.8141788
            ],
            [
              -117.9172549,
              33.8141721
            ],
            [
              -117.9172113,
              33.814279
            ],
            [
              -117.9171892,
              33.8142915
            ],
            [
              -117.9171908,
              33.8143087
            ],
            [
              -117.9172229,
              33.8143057
            ],
            [
              -117.9172195,
              33.8143239
            ],
            [
              -117.9172185,
              33.8143304
            ],
            [
              -117.9172173,
              33.8143374
            ],
            [
              -117.9172156,
              33.8143472
            ],
            [
              -117.9172083,
              33.8143885
            ],
            [
              -117.9172056,
              33.8144037
            ],
            [
              -117.9172044,
              33.8144107
            ],
            [
              -117.9172038,
              33.8144142
            ],
            [
              -117.9172,
              33.8144619
            ],
            [
              -117.917176,
              33.8144602
            ],
            [
              -117.9171748,
              33.8144728
            ],
            [
              -117.9171738,
              33.8144831
            ],
            [
              -117.9171641,
              33.8144813
            ],
            [
              -117.9171225,
              33.8144748
            ],
            [
              -117.917079,
              33.8144668
            ],
            [
              -117.9170425,
              33.8144615
            ],
            [
              -117.9170187,
              33.8144555
            ],
            [
              -117.9169978,
              33.8144534
            ],
            [
              -117.9169774,
              33.8144513
            ],
            [
              -117.9169489,
              33.8144505
            ],
            [
              -117.9169323,
              33.8144508
            ],
            [
              -117.9169119,
              33.8144531
            ],
            [
              -117.916909,
              33.814465
            ],
            [
              -117.9168741,
              33.8145207
            ],
            [
              -117.9166982,
              33.8144761
            ],
            [
              -117.9167335,
              33.8145478
            ],
            [
              -117.9165652,
              33.8145195
            ],
            [
              -117.9164335,
              33.8144857
            ],
            [
              -117.9162771,
              33.8143558
            ],
            [
              -117.916143,
              33.8142711
            ],
            [
              -117.9160035,
              33.8141998
            ],
            [
              -117.9158924,
              33.8141303
            ],
            [
              -117.9158161,
              33.8140606
            ],
            [
              -117.915741,
              33.813962
            ],
            [
              -117.9156514,
              33.8137898
            ],
            [
              -117.9156142,
              33.8136465
            ],
            [
              -117.9156052,
              33.8135511
            ],
            [
              -117.9155991,
              33.8134449
            ],
            [
              -117.9155876,
              33.8128343
            ],
            [
              -117.9156189,
              33.812778
            ],
            [
              -117.9156189,
              33.8125373
            ],
            [
              -117.9155952,
              33.8125163
            ],
            [
              -117.9155867,
              33.8124415
            ],
            [
              -117.9156484,
              33.8124014
            ],
            [
              -117.915651,
              33.8123145
            ],
            [
              -117.9156698,
              33.8122565
            ],
            [
              -117.9157342,
              33.8121741
            ],
            [
              -117.9157399,
              33.8121097
            ],
            [
              -117.9157924,
              33.812059
            ],
            [
              -117.9157728,
              33.8120521
            ],
            [
              -117.9157602,
              33.8120467
            ],
            [
              -117.9158085,
              33.8120355
            ],
            [
              -117.9158355,
              33.8120284
            ],
            [
              -117.9158675,
              33.8120199
            ],
            [
              -117.9158776,
              33.811986
            ],
            [
              -117.9159135,
              33.8119305
            ],
            [
              -117.915962,
              33.811846
            ],
            [
              -117.9159879,
              33.8118567
            ],
            [
              -117.9160086,
              33.811865
            ],
            [
              -117.915942,
              33.8119904
            ],
            [
              -117.915954,
              33.8120053
            ],
            [
              -117.9160251,
              33.8120004
            ],
            [
              -117.9160185,
              33.8120108
            ],
            [
              -117.9160319,
              33.8120314
            ],
            [
              -117.9160251,
              33.8121442
            ],
            [
              -117.9160801,
              33.8121698
            ],
            [
              -117.9160895,
              33.8122032
            ],
            [
              -117.9161123,
              33.812211
            ],
            [
              -117.9161338,
              33.8122289
            ],
            [
              -117.9161726,
              33.8122623
            ],
            [
              -117.9162624,
              33.8122951
            ],
            [
              -117.9162872,
              33.8122961
            ],
            [
              -117.9163027,
              33.8122968
            ],
            [
              -117.9163059,
              33.8122914
            ],
            [
              -117.9163106,
              33.8122824
            ],
            [
              -117.916127,
              33.8121991
            ],
            [
              -117.9161049,
              33.8122002
            ],
            [
              -117.916103,
              33.812153
            ],
            [
              -117.9160829,
              33.8121536
            ],
            [
              -117.9160859,
              33.811977
            ],
            [
              -117.9161046,
              33.8119761
            ],
            [
              -117.9161048,
              33.8119477
            ],
            [
              -117.9161657,
              33.811917
            ],
            [
              -117.916271,
              33.8118624
            ],
            [
              -117.916279,
              33.8118543
            ],
            [
              -117.9163088,
              33.8118244
            ],
            [
              -117.9163521,
              33.8117902
            ],
            [
              -117.9164102,
              33.8117623
            ],
            [
              -117.9164702,
              33.8117486
            ],
            [
              -117.9165333,
              33.8117419
            ],
            [
              -117.9166056,
              33.8117484
            ],
            [
              -117.9166347,
              33.811739
            ],
            [
              -117.9166534,
              33.8117357
            ],
            [
              -117.9166731,
              33.8117359
            ],
            [
              -117.9166881,
              33.8117365
            ],
            [
              -117.9167068,
              33.8117419
            ],
            [
              -117.9167108,
              33.8117323
            ],
            [
              -117.9167161,
              33.8117193
            ],
            [
              -117.9166839,
              33.8117054
            ],
            [
              -117.9166619,
              33.8117001
            ],
            [
              -117.91661,
              33.8116921
            ],
            [
              -117.9165906,
              33.8116749
            ],
            [
              -117.9165907,
              33.8116504
            ],
            [
              -117.9165817,
              33.8116457
            ],
            [
              -117.9165737,
              33.8116584
            ],
            [
              -117.9165851,
              33.8116626
            ],
            [
              -117.9165716,
              33.8116843
            ],
            [
              -117.9165165,
              33.8116608
            ],
            [
              -117.91653,
              33.811639
            ],
            [
              -117.9165426,
              33.8116444
            ],
            [
              -117.9165509,
              33.8116296
            ],
            [
              -117.9165027,
              33.8116044
            ],
            [
              -117.9166767,
              33.8113478
            ],
            [
              -117.9168829,
              33.811056
            ],
            [
              -117.9169478,
              33.8109641
            ],
            [
              -117.9170219,
              33.8108852
            ],
            [
              -117.9170299,
              33.8108811
            ],
            [
              -117.9170435,
              33.8108741
            ],
            [
              -117.9170657,
              33.8108627
            ],
            [
              -117.9171443,
              33.8108186
            ],
            [
              -117.9171689,
              33.8108303
            ],
            [
              -117.9171785,
              33.8108348
            ],
            [
              -117.9171959,
              33.8108081
            ],
            [
              -117.917216,
              33.8107825
            ],
            [
              -117.9172737,
              33.8107424
            ],
            [
              -117.917326,
              33.8107089
            ],
            [
              -117.917393,
              33.8106811
            ],
            [
              -117.9174427,
              33.8106755
            ],
            [
              -117.9175097,
              33.8106759
            ],
            [
              -117.9175834,
              33.8106805
            ],
            [
              -117.9176378,
              33.810697
            ],
            [
              -117.917709,
              33.8107276
            ],
            [
              -117.9177625,
              33.8107696
            ],
            [
              -117.9178061,
              33.8108103
            ],
            [
              -117.9178289,
              33.8108504
            ],
            [
              -117.9178468,
              33.8109053
            ],
            [
              -117.9178551,
              33.8109706
            ],
            [
              -117.9179068,
              33.8109752
            ],
            [
              -117.9179071,
              33.8110218
            ],
            [
              -117.9178948,
              33.8110739
            ],
            [
              -117.9178702,
              33.8111256
            ],
            [
              -117.9178348,
              33.8111807
            ],
            [
              -117.9177855,
              33.8112256
            ],
            [
              -117.9177931,
              33.8112643
            ],
            [
              -117.9178044,
              33.8113148
            ],
            [
              -117.9178087,
              33.811333
            ],
            [
              -117.9179892,
              33.8113385
            ],
            [
              -117.9179863,
              33.8114301
            ],
            [
              -117.9180179,
              33.8114365
            ],
            [
              -117.9179609,
              33.8115885
            ],
            [
              -117.917957,
              33.8117019
            ],
            [
              -117.9180426,
              33.8117859
            ],
            [
              -117.9180738,
              33.8118145
            ],
            [
              -117.9180919,
              33.8118311
            ],
            [
              -117.918109,
              33.8118468
            ],
            [
              -117.9181734,
              33.8119058
            ],
            [
              -117.9181875,
              33.8119049
            ],
            [
              -117.9182,
              33.8119043
            ],
            [
              -117.9182153,
              33.8119074
            ],
            [
              -117.9182343,
              33.8119165
            ],
            [
              -117.9182484,
              33.8119287
            ],
            [
              -117.9182556,
              33.8119448
            ],
            [
              -117.9182755,
              33.8119524
            ],
            [
              -117.9182962,
              33.8119601
            ],
            [
              -117.9183316,
              33.8119705
            ],
            [
              -117.9183488,
              33.8119729
            ],
            [
              -117.9183705,
              33.811973
            ],
            [
              -117.9183813,
              33.811972
            ],
            [
              -117.918414,
              33.8119723
            ],
            [
              -117.9184389,
              33.8119744
            ],
            [
              -117.9184552,
              33.8119762
            ],
            [
              -117.9184855,
              33.8119673
            ],
            [
              -117.9185107,
              33.8119644
            ],
            [
              -117.9185409,
              33.8119686
            ],
            [
              -117.9185466,
              33.8119694
            ],
            [
              -117.9185749,
              33.8119786
            ],
            [
              -117.9185885,
              33.8119899
            ],
            [
              -117.9185929,
              33.8120073
            ],
            [
              -117.9185893,
              33.8120216
            ],
            [
              -117.9185811,
              33.8120334
            ],
            [
              -117.9185808,
              33.8120561
            ],
            [
              -117.9185804,
              33.8120776
            ],
            [
              -117.9185839,
              33.8120975
            ],
            [
              -117.9185857,
              33.812107
            ],
            [
              -117.9185888,
              33.8121286
            ],
            [
              -117.9185945,
              33.8121525
            ],
            [
              -117.9186026,
              33.8121758
            ],
            [
              -117.9186108,
              33.8121939
            ],
            [
              -117.9186145,
              33.8121994
            ],
            [
              -117.9186176,
              33.812205
            ],
            [
              -117.9186199,
              33.8122117
            ],
            [
              -117.9186203,
              33.8122183
            ],
            [
              -117.9186194,
              33.8122216
            ],
            [
              -117.9186157,
              33.8122261
            ],
            [
              -117.9186106,
              33.8122302
            ],
            [
              -117.9185973,
              33.8122374
            ],
            [
              -117.918581,
              33.8122433
            ],
            [
              -117.9185583,
              33.8122485
            ],
            [
              -117.9185297,
              33.8122528
            ],
            [
              -117.9184995,
              33.8122529
            ],
            [
              -117.9185002,
              33.8122584
            ],
            [
              -117.9185044,
              33.8122633
            ],
            [
              -117.9185133,
              33.8122663
            ],
            [
              -117.9185221,
              33.8122637
            ],
            [
              -117.9185333,
              33.8122649
            ],
            [
              -117.9185561,
              33.8122805
            ]
          ]
        ]
      }
    },
    {
      "type": "Feature",
      "properties": {
        "name": "Esplanade & Transit",
        "park": null,
        "bufferMeters": 10,
        "source": "hand-drafted first cut; nudge vertices in geojson.io"
      },
      "geometry": {
        "type": "Polygon",
        "coordinates": [
          [
            [
              -117.921,
              33.808
            ],
            [
              -117.921,
              33.8106
            ],
            [
              -117.9155,
              33.8106
            ],
            [
              -117.9155,
              33.808
            ],
            [
              -117.921,
              33.808
            ]
          ]
        ]
      }
    },
    {
      "type": "Feature",
      "properties": {
        "name": "Grizzly River Run Entrance",
        "park": "california-adventure",
        "bufferMeters": 10,
        "source": "hand-drafted patch: the Grizzly Peak land polygon omits the GRR entrance plaza"
      },
      "geometry": {
        "type": "Polygon",
        "coordinates": [
          [
            [
              -117.9216,
              33.8066
            ],
            [
              -117.9216,
              33.8082
            ],
            [
              -117.92,
              33.8082
            ],
            [
              -117.92,
              33.8066
            ],
            [
              -117.9216,
              33.8066
            ]
          ]
        ]
      }
    }
  ]
}